AÑO;DISTRITO;BARRIO;Censo electoral;Abstención;Votos nulos;Votos blancos;Votos a candidaturas;PP;PSOE;Cs;MAS MADRID;VOX;PODEMOS-IU;Resto de candidaturas
2017;01. Centro;01. Centro;96,301;31,316;201;295;64,489;11,246;16,473;9,144;17,996;3,879;5,08;671
2017;01. Centro;011. Palacio;17,453;5,186;52;48;12,167;2,294;3,201;1,696;3,251;777;827;121
2017;01. Centro;012. Embajadores;30,596;10,449;59;87;20,001;2,528;5,159;2,145;6,626;1,003;2,335;205
2017;01. Centro;013. Cortes;7,518;2,352;18;40;5,108;1,038;1,281;791;1,266;318;357;57
2017;01. Centro;014. Justicia;12,511;4,058;14;39;8,4;1,958;2,078;1,575;1,689;638;358;104
2017;01. Centro;015. Universidad;23,188;7,449;48;58;15,633;2,768;4,009;2,39;4,399;886;1,024;157
2017;01. Centro;016. Sol;5,035;1,822;10;23;3,18;660;745;547;765;257;179;27
2017;02. Arganzuela;02. Arganzuela;119,762;30,415;267;374;88,706;18,506;23,034;16,673;18,333;6,212;5,15;798
2017;02. Arganzuela;021. Imperial;18,449;4,372;47;74;13,956;3,092;3,501;2,687;2,71;1,103;749;114
2017;02. Arganzuela;022. Acacias;30,202;6,876;62;91;23,173;5,004;6,206;4,372;4,6;1,525;1,271;195
2017;02. Arganzuela;023. Chopera;15,441;4,666;43;41;10,691;2,321;2,927;1,586;2,363;644;747;103
2017;02. Arganzuela;024. Legazpi;14,296;3,206;31;52;11,007;1,815;2,84;2,694;2,273;790;514;81
2017;02. Arganzuela;025. Delicias;20,775;5,388;37;58;15,292;3,172;3,888;2,95;3,111;1,132;895;144
2017;02. Arganzuela;026. Palos de Moguer;19,765;5,7;47;57;13,961;3,021;3,509;2,252;3,142;950;932;155
2017;02. Arganzuela;027. Atocha;834;207;0;1;626;81;163;132;134;68;42;6
2017;03. Retiro;03. Retiro;;;;;;;;;;;;
2017;03. Retiro;03. Retiro;95,274;22,12;182;313;72,659;22,04;15,614;15,654;9,502;6,802;2,495;552
2017;03. Retiro;031. Pacífico;27,127;6,473;51;88;20,515;5,446;4,991;4,135;3,193;1,73;871;149
2017;03. Retiro;032. Adelfas;14,641;3,445;33;60;11,103;2,65;2,669;2,504;1,82;906;446;108
2017;03. Retiro;033. Estrella;19,157;3,821;46;70;15,22;5,098;3,055;3,48;1,678;1,357;443;109
2017;03. Retiro;034. Ibiza;16,719;4,448;32;45;12,194;3,722;2,671;2,519;1,563;1,182;435;102
2017;03. Retiro;035. Los Jerónimos;5,508;1,449;9;16;4,034;1,573;603;816;382;528;109;23
2017;03. Retiro;036. Niño Jesús;12,122;2,484;11;34;9,593;3,551;1,625;2,2;866;1,099;191;61
2017;04. Salamanca;04. Salamanca;111,198;29,398;201;319;81,28;30,185;13,547;17,743;7,748;9,496;1,879;682
2017;04. Salamanca;041. Recoletos;11,41;3,014;20;40;8,336;4,167;802;1,689;337;1,207;96;38
2017;04. Salamanca;042. Goya;22,536;6,424;43;71;15,998;5,808;2,732;3,669;1,432;1,871;357;129
2017;04. Salamanca;043. Fuente del Berro;16,363;4,393;33;39;11,898;3,308;2,688;2,687;1,665;1,041;400;109
2017;04. Salamanca;044. Guindalera;32,547;8,181;65;104;24,197;7,638;4,706;5,414;2,912;2,53;719;278
2017;04. Salamanca;045. Lista;15,857;4,258;29;29;11,541;4,461;1,819;2,539;1,02;1,429;210;63
2017;04. Salamanca;046. Castellana;12,485;3,128;11;36;9,31;4,803;800;1,745;382;1,418;97;65
2017;05. Chamartín;05. Chamartín;;;;;;;;;;;;
2017;05. Chamartín;05. Chamartín;112,253;27,201;199;362;84,491;31,418;13,84;19,819;7,515;9,295;1,984;620
2017;05. Chamartín;051. El Viso;12,977;2,923;9;42;10,003;5,049;929;2,168;390;1,341;85;41
2017;05. Chamartín;052. Prosperidad;28,925;7,311;68;98;21,448;6,303;4,623;4,884;2,71;1,989;750;189
2017;05. Chamartín;053. Ciudad Jardín;14,321;3,817;22;40;10,442;3,013;2,325;2,196;1,482;905;417;104
2017;05. Chamartín;054. Hispanoamérica;24,703;5,782;36;75;18,81;7,488;2,692;4,699;1,242;2,197;373;119
2017;05. Chamartín;055. Nueva España;18,189;4,126;25;55;13,983;6,06;1,633;3,522;755;1,738;187;88
2017;05. Chamartín;056. Castilla;13,138;3,242;39;52;9,805;3,505;1,638;2,35;936;1,125;172;79
2017;06. Tetuán;06. Tetuán;;;;;;;;;;;;
2017;06. Tetuán;06. Tetuán;111,793;39,25;299;350;71,894;18,552;17,415;13,834;11,265;6,67;3,37;788
2017;06. Tetuán;061. Bellas Vistas;19,607;7,363;39;73;12,132;2,755;3,381;2,091;2,224;899;637;145
2017;06. Tetuán;062. Cuatro Caminos;26,071;7,605;65;84;18,317;5,996;3,53;4,003;2,083;1,946;588;171
2017;06. Tetuán;063. Castillejos;15,687;4,538;34;52;11,063;3,858;1,913;2,435;1,142;1,304;302;109
2017;06. Tetuán;064. Almenara;16,77;6,769;58;40;9,903;2,019;2,693;1,696;1,802;900;660;133
2017;06. Tetuán;065. Valdeacederas;17,265;6,857;54;57;10,297;1,754;3,015;1,874;2,103;777;640;134
2017;06. Tetuán;066. Berruguete;16,393;6,118;49;44;10,182;2,17;2,883;1,735;1,911;844;543;96
2017;07. Chamberí;07. Chamberí;;;;;;;;;;;;
2017;07. Chamberí;07. Chamberí;109,198;27,737;214;352;80,895;27,059;15,566;16,914;10,243;8,004;2,509;600
2017;07. Chamberí;071. Gaztambide;18,241;4,788;47;58;13,348;4,324;2,71;2,612;1,79;1,338;470;104
2017;07. Chamberí;072. Arapiles;19,238;5,058;47;71;14,062;4,011;3,17;2,873;2,179;1,187;518;124
2017;07. Chamberí;073. Trafalgar;19,03;5,211;30;67;13,722;3,727;3,061;2,812;2,299;1,112;601;110
2017;07. Chamberí;074. Almagro;14,95;3,65;15;43;11,242;4,916;1,672;2,262;828;1,315;189;60
2017;07. Chamberí;075. Ríos Rosas;21,354;5,481;46;69;15,758;5,146;3,017;3,568;1,915;1,536;463;113
2017;07. Chamberí;076. Vallehermoso;16,385;3,549;29;44;12,763;4,935;1,936;2,787;1,232;1,516;268;89
2017;08. Fuencarral-El Pardo;08. Fuencarral-El Pardo;;;;;;;;;;;;
2017;08. Fuencarral-El Pardo;08. Fuencarral-El Pardo;181,567;48,514;423;574;132,056;35,676;30,228;30,886;16,202;12,978;4,907;1,179
2017;08. Fuencarral-El Pardo;081. El Pardo;2,893;956;11;6;1,92;559;350;389;179;347;69;27
2017;08. Fuencarral-El Pardo;082. Fuentelarreina;2,451;511;2;3;1,935;1,002;189;405;50;249;28;12
2017;08. Fuencarral-El Pardo;083. Peñagrande;35,212;9,458;90;109;25,555;6,608;6,632;5,421;3,553;2,081;1,046;214
2017;08. Fuencarral-El Pardo;084. Pilar;36,618;11,747;135;123;24,613;6,029;7,02;4,475;3,63;1,877;1,302;280
2017;08. Fuencarral-El Pardo;085. La Paz;28,209;6,059;52;95;22,003;6,908;5,026;5,115;2,262;1,956;576;160
2017;08. Fuencarral-El Pardo;086. Valverde;41,115;12,269;84;119;28,643;6,125;6,599;7,631;4,035;2,758;1,188;307
2017;08. Fuencarral-El Pardo;087. Mirasierra;23,783;4,825;36;86;18,836;6,15;3,02;4,915;1,625;2,516;489;121
2017;08. Fuencarral-El Pardo;088. El Goloso;11,286;2,689;13;33;8,551;2,295;1,392;2,535;868;1,194;209;58
2017;09. Moncloa-Aravaca;09. Moncloa-Aravaca;89,612;22,231;183;287;66,911;21,273;13,611;13,65;8,659;6,723;2,381;614
2017;09. Moncloa-Aravaca;091. Casa de Campo;10,54;2,667;30;33;7,81;1,882;1,937;1,45;1,503;584;350;104
2017;09. Moncloa-Aravaca;092. Argüelles;18,863;4,896;30;50;13,887;4,719;2,6;2,658;1,819;1,557;406;128
2017;09. Moncloa-Aravaca;093. Ciudad Universitaria;12,551;2,834;28;43;9,646;3,414;1,729;2,135;984;970;324;90
2017;09. Moncloa-Aravaca;094. Valdezarza;22,887;6,652;59;93;16,083;3,576;4,672;3,017;2,681;1,063;888;186
2017;09. Moncloa-Aravaca;095. Valdemarín;4,205;851;5;3;3,346;1,648;221;808;65;562;20;22
2017;09. Moncloa-Aravaca;096. El Plantío;1,958;449;4;2;1,503;698;146;315;80;236;23;5
2017;09. Moncloa-Aravaca;097. Aravaca;18,608;3,882;27;63;14,636;5,336;2,306;3,267;1,527;1,751;370;79
2017;10. Latina;10. Latina;;;;;;;;;;;;
2017;10. Latina;10. Latina;174,309;57,746;538;450;115,575;26,496;33,493;18,895;19,597;8,811;6,825;1,458
2017;10. Latina;101. Los Cármenes;12,507;4,595;32;24;7,856;1,353;2,406;1,287;1,621;607;502;80
2017;10. Latina;102. Puerta del Ángel;29,419;11,053;79;66;18,221;3,909;5,185;2,784;3,539;1,273;1,259;272
2017;10. Latina;103. Lucero;25,877;8,96;81;67;16,769;3,823;4,799;2,78;2,934;1,078;1,169;186
2017;10. Latina;104. Aluche;49,2;15,588;147;139;33,326;8,546;9,743;5,347;5,167;2,372;1,745;406
2017;10. Latina;105. Campamento;13,509;4,19;54;43;9,222;2,712;2,011;1,643;1,238;1,092;396;130
2017;10. Latina;106. Cuatro Vientos;4,001;1,277;11;5;2,708;344;734;698;514;231;151;36
2017;10. Latina;107. Águilas;39,796;12,083;134;106;27,473;5,809;8,615;4,356;4,584;2,158;1,603;348
2017;11. Carabanchel;11. Carabanchel;;;;;;;;;;;;
2017;11. Carabanchel;11. Carabanchel;171,295;65,687;502;491;104,615;21,028;31,888;17,12;18,932;7,9;6,415;1,332
2017;11. Carabanchel;111. Comillas;16,262;5,928;52;48;10,234;2,28;2,926;1,627;1,862;792;648;99
2017;11. Carabanchel;112. Opañel;22,769;8,444;58;55;14,212;3,067;4,18;2,287;2,68;1,035;785;178
2017;11. Carabanchel;113. San Isidro;26,715;11,001;78;75;15,561;3,061;4,812;2,308;3,048;1,07;1,052;210
2017;11. Carabanchel;114. Vista Alegre;31,087;12,207;107;92;18,681;4,44;5,65;2,767;3,146;1,426;1,061;191
2017;11. Carabanchel;115. Puerta Bonita;22,651;9,661;51;56;12,883;2,514;4,156;1,979;2,19;1,011;830;203
2017;11. Carabanchel;116. Buenavista;31,621;10,376;92;116;21,037;3,321;6,309;4,198;3,997;1,61;1,323;279
2017;11. Carabanchel;117. Abrantes;20,19;8,07;64;49;12,007;2,345;3,855;1,954;2,009;956;716;172
2017;12. Usera;12. Usera;;;;;;;;;;;;
2017;12. Usera;12. Usera;90,011;37,848;228;222;51,713;8,225;17,246;7,701;11,043;3,416;3,335;747
2017;12. Usera;121. Orcasitas;16,932;6,04;50;49;10,793;1,147;3,539;1,605;3,023;653;693;133
2017;12. Usera;122. Orcasur;9,534;4,607;27;19;4,881;598;1,777;679;1,121;323;304;79
2017;12. Usera;123. San Fermín;15,171;6,267;44;45;8,815;1,287;2,98;1,426;1,738;663;596;125
2017;12. Usera;124. Almendrales;12,976;5,849;24;33;7,07;1,332;2,348;1,143;1,307;438;387;115
2017;12. Usera;125. Moscardó;16,551;6,555;45;37;9,914;2,077;3,044;1,456;1,878;660;642;157
2017;12. Usera;126. Zofío;9,082;3,71;19;25;5,328;847;1,803;756;1,118;321;409;74
2017;12. Usera;127. Pradolongo;9,765;4,82;19;14;4,912;937;1,755;636;858;358;304;64
2017;13. Puente de Vallecas;13. Puente de Vallecas;;;;;;;;;;;;
2017;13. Puente de Vallecas;13. Puente de Vallecas;164,241;67,188;448;414;96,191;11,566;34,682;11,988;22,131;5,142;9,346;1,336
2017;13. Puente de Vallecas;131. Entrevías;24,726;11,084;62;50;13,53;1,317;5,538;1,455;2,877;702;1,44;201
2017;13. Puente de Vallecas;132. San Diego;25,038;12,19;46;56;12,746;1,607;4,594;1,529;2,838;738;1,224;216
2017;13. Puente de Vallecas;133. Palomeras Bajas;29,568;10,031;98;96;19,343;2,162;6,659;2,422;4,89;826;2,148;236
2017;13. Puente de Vallecas;134. Palomeras Sureste;31,979;12,088;84;85;19,722;1,938;7,316;2,674;4,646;1,065;1,831;252
2017;13. Puente de Vallecas;135. Portazgo;20,722;8,442;58;53;12,169;1,64;4,244;1,422;2,974;676;1,059;154
2017;13. Puente de Vallecas;136. Numancia;32,208;13,353;100;74;18,681;2,902;6,331;2,486;3,906;1,135;1,644;277
2017;14. Moratalaz;14. Moratalaz;;;;;;;;;;;;
2017;14. Moratalaz;14. Moratalaz;74,719;22,521;207;257;51,734;11,735;15,247;9,054;8,668;3,488;2,956;586
2017;14. Moratalaz;141. Pavones;7,03;2,273;23;22;4,712;749;1,62;799;874;332;286;52
2017;14. Moratalaz;142. Horcajo;4,831;1,269;14;24;3,524;530;1,02;862;653;255;173;31
2017;14. Moratalaz;143. Marroquina;22,629;5,692;56;98;16,783;4,213;4,667;3,17;2,622;1,126;821;164
2017;14. Moratalaz;144. Media Legua;14,248;4,462;35;49;9,702;2,535;2,621;1,679;1,513;704;531;119
2017;14. Moratalaz;145. Fontarrón;12,781;4,801;26;30;7,924;1,589;2,52;1,133;1,527;518;529;108
2017;14. Moratalaz;146. Vinateros;13,2;4,024;53;34;9,089;2,119;2,799;1,411;1,479;553;616;112
2017;15. Ciudad Lineal;15. Ciudad Lineal;;;;;;;;;;;;
2017;15. Ciudad Lineal;15. Ciudad Lineal;160,051;51,722;443;488;107,398;27,605;27,994;21,559;15,569;8,691;4,777;1,203
2017;15. Ciudad Lineal;151. Ventas;35,252;12,855;117;95;22,185;4,991;6,66;3,809;3,685;1,508;1,255;277
2017;15. Ciudad Lineal;152. Pueblo Nuevo;44,525;16,248;135;125;28,017;5,967;8,58;4,949;4,85;1,839;1,503;329
2017;15. Ciudad Lineal;153. Quintana;17,73;6,39;51;54;11,235;2,607;3,117;2,059;1,852;853;583;164
2017;15. Ciudad Lineal;154. Concepción;15,688;4,999;49;56;10,584;2,607;2,661;2,224;1,626;872;469;125
2017;15. Ciudad Lineal;155. San Pascual;14,372;3,775;41;50;10,506;2,778;2,699;2,253;1,406;825;434;111
2017;15. Ciudad Lineal;156. San Juan Bautista;9,381;2,129;12;38;7,202;2,215;1,477;1,738;865;629;220;58
2017;15. Ciudad Lineal;157. Colina;4,767;1,155;9;12;3,591;1,042;754;894;406;361;97;37
2017;15. Ciudad Lineal;158. Atalaya;1,134;298;1;1;834;366;148;194;40;60;16;10
2017;15. Ciudad Lineal;159. Costillares;17,202;3,873;28;57;13,244;5,032;1,898;3,439;839;1,744;200;92
2017;16. Hortaleza;16. Hortaleza;;;;;;;;;;;;
2017;16. Hortaleza;16. Hortaleza;136,898;38,163;313;369;98,053;23,494;23,791;24,382;12,839;8,742;3,786;1,019
2017;16. Hortaleza;161. Palomas;4,703;1,025;7;19;3,652;1,286;479;1,094;257;448;62;26
2017;16. Hortaleza;162. Piovera;10,17;2,37;8;25;7,767;2,745;1,172;2,197;657;785;167;44
2017;16. Hortaleza;163. Canillas;32,115;8,891;82;88;23,054;4,995;6,736;4,843;3,585;1,561;1,115;219
2017;16. Hortaleza;164. Pinar del Rey;40,897;12,96;112;110;27,715;6,012;8,3;5,322;4,109;2,228;1,348;396
2017;16. Hortaleza;165. Apóstol Santiago;12,037;3,945;34;27;8,031;1,759;2,142;1,678;1,205;799;339;109
2017;16. Hortaleza;166. Valdefuentes;36,976;8,972;70;100;27,834;6,697;4,962;9,248;3,026;2,921;755;225
2017;17. Villaverde;17. Villaverde;;;;;;;;;;;;
2017;17. Villaverde;17. Villaverde;98,341;38,79;292;270;58,989;9,043;20,934;8,934;11,064;3,978;4,143;893
2017;17. Villaverde;171. Villaverde Alto, Casco Histórico de Villaverde;29,944;12,395;96;69;17,384;2,555;6,436;2,449;3,21;1,157;1,291;286
2017;17. Villaverde;172. San Cristóbal;8,524;4,875;28;17;3,604;494;1,467;399;644;224;304;72
2017;17. Villaverde;173. Butarque;11,8;4,224;19;30;7,527;697;2,402;1,468;1,701;574;569;116
2017;17. Villaverde;174. Los Rosales;25,134;9,292;75;88;15,679;2,264;5,664;2,512;3,023;957;1,028;231
2017;17. Villaverde;175. Ángeles;22,939;8,004;74;66;14,795;3,033;4,965;2,106;2,486;1,066;951;188
2017;18. Villa de Vallecas;18. Villa de Vallecas;;;;;;;;;;;;
2017;18. Villa de Vallecas;18. Villa de Vallecas;76,66;26,441;224;221;49,774;6,299;14,931;9,43;11,642;3,29;3,541;641
2017;18. Villa de Vallecas;181. Casco Histórico de Vallecas;27,402;11,463;84;62;15,793;1,929;5,388;2,196;3,849;879;1,309;243
2017;18. Villa de Vallecas;182. Santa Eugenia;19,129;5,574;65;54;13,436;2,415;4,26;2,472;2,482;939;743;125
2017;18. Villa de Vallecas;183. Ensanche de Vallecas;30,129;9,404;75;105;20,545;1,955;5,283;4,762;5,311;1,472;1,489;273
2017;19. Vicálvaro;19. Vicálvaro;;;;;;;;;;;;
2017;19. Vicálvaro;19. Vicálvaro;50,435;16,099;127;156;34,053;4,735;10,945;6,511;6,991;2,202;2,25;419
2017;19. Vicálvaro;191. Casco Histórico de Vicálvaro;23,556;9,742;64;53;13,697;2,296;4,984;2,035;2,354;947;870;211
2017;19. Vicálvaro;192. Valdebernardo;13,733;3,487;29;48;10,169;1,199;3,225;1,779;2,479;574;799;114
2017;19. Vicálvaro;193. Valderribas;12,014;2,607;29;45;9,333;1,15;2,546;2,462;1,976;596;526;77
2017;19. Vicálvaro;194. El Cañaveral;1,132;263;5;10;854;90;190;235;182;85;55;17
2017;20. San Blas-Canillejas;20. San Blas-Canillejas;;;;;;;;;;;;
2017;20. San Blas-Canillejas;20. San Blas-Canillejas;114,779;38,993;336;317;75,133;13,446;22,543;15,178;13,295;5,504;4,285;882
2017;20. San Blas-Canillejas;201. Simancas;19,184;7,345;61;69;11,709;2,012;3,607;2,331;2,078;830;656;195
2017;20. San Blas-Canillejas;202. Hellín;6,969;2,918;28;10;4,013;573;1,45;511;800;248;367;64
2017;20. San Blas-Canillejas;203. Amposta;6,066;3,006;18;9;3,033;449;1,146;426;550;196;229;37
2017;20. San Blas-Canillejas;204. Arcos;18,065;6,967;32;57;11,009;1,607;3,64;1,862;2,286;755;729;130
2017;20. San Blas-Canillejas;205. Rosas;23,772;5,426;73;82;18,191;2,972;5,432;4,102;3,332;1,193;992;168
2017;20. San Blas-Canillejas;206. Rejas;10,648;3,665;20;31;6,932;1,294;1,63;1,888;1,092;671;292;65
2017;20. San Blas-Canillejas;207. Canillejas;21,037;7,516;76;42;13,403;2,878;3,969;2,443;2,196;998;767;152
2017;20. San Blas-Canillejas;208. El Salvador;9,038;2,15;28;17;6,843;1,661;1,669;1,615;961;613;253;71
2017;21. Barajas;21. Barajas;;;;;;;;;;;;
2017;21. Barajas;21. Barajas;35,45;9,362;91;93;25,904;5,85;6,042;6,55;3,744;2,401;1,043;274
2017;21. Barajas;211. Alameda de Osuna;14,99;3,204;35;38;11,713;3,044;2,713;2,845;1,569;1,018;424;100
2017;21. Barajas;212. Aeropuerto;1,231;573;3;0;655;78;176;127;149;80;37;8
2017;21. Barajas;213. Casco Histórico de Barajas;5,425;2,001;11;14;3,399;657;943;645;559;342;192;61
2017;21. Barajas;214. Timón;8,653;2,428;26;26;6,173;1,091;1,513;1,597;1,077;534;292;69
2017;21. Barajas;215. Corralejos;5,151;1,156;16;15;3,964;980;697;1,336;390;427;98;36
2018;01. Centro;01. Centro;96,698;25,689;242;313;70,454;24,747;10,572;2,416;19,173;4,147;8,697;702
2018;01. Centro;011. Palacio;17,424;4,159;45;67;13,153;4,74;2,089;435;3,398;851;1,521;119
2018;01. Centro;012. Embajadores;30,54;8,801;73;74;21,592;5,751;3,264;575;6,932;1,061;3,717;292
2018;01. Centro;013. Cortes;7,437;1,795;24;25;5,593;2,224;820;205;1,393;355;544;52
2018;01. Centro;014. Justicia;12,76;3,284;22;44;9,41;4,336;1,281;414;1,947;701;665;66
2018;01. Centro;015. Universidad;23,422;6,2;65;84;17,073;6,203;2,607;654;4,677;881;1,911;140
2018;01. Centro;016. Sol;5,115;1,45;13;19;3,633;1,493;511;133;826;298;339;33
2018;02. Arganzuela;02. Arganzuela;119,336;23,736;408;444;94,748;38,975;14,798;4,054;21,704;6,184;8,378;655
2018;02. Arganzuela;021. Imperial;18,185;3,366;47;74;14,698;6,305;2,198;644;3,15;1,093;1,224;84
2018;02. Arganzuela;022. Acacias;29,779;5,35;91;121;24,217;10,047;3,982;1,029;5,431;1,511;2,061;156
2018;02. Arganzuela;023. Chopera;15,294;3,541;50;52;11,651;4,431;1,952;381;2,826;714;1,262;85
2018;02. Arganzuela;024. Legazpi;14,446;2,582;58;60;11,746;5,028;1,736;675;2,669;725;844;69
2018;02. Arganzuela;025. Delicias;21,039;4,155;85;77;16,722;6,972;2,578;711;3,792;1,113;1,428;128
2018;02. Arganzuela;026. Palos de Moguer;19,552;4,564;74;55;14,859;5,872;2,226;558;3,637;952;1,488;126
2018;02. Arganzuela;027. Atocha;1,041;178;3;5;855;320;126;56;199;76;71;7
2018;03. Retiro;03. Retiro;;;;;;;;;;;;
2018;03. Retiro;03. Retiro;93,811;16,654;229;353;76,575;40,55;9,569;3,46;11,876;6,778;3,888;454
2018;03. Retiro;031. Pacífico;26,581;5,141;74;104;21,262;10,231;3,08;897;3,9;1,684;1,324;146
2018;03. Retiro;032. Adelfas;14,655;2,526;35;75;12,019;5,586;1,739;602;2,268;996;748;80
2018;03. Retiro;033. Estrella;18,803;2,92;55;41;15,787;8,924;1,874;703;2,102;1,405;705;74
2018;03. Retiro;034. Ibiza;16,353;3,194;35;63;13,061;7,041;1,57;614;1,986;1,148;608;94
2018;03. Retiro;035. Los Jerónimos;5,355;1,132;10;10;4,203;2,543;367;155;442;506;173;17
2018;03. Retiro;036. Niño Jesús;12,064;1,741;20;60;10,243;6,225;939;489;1,178;1,039;330;43
2018;04. Salamanca;04. Salamanca;108,831;21,134;286;332;87,079;53,421;8,536;3,427;9,25;9,065;2,924;456
2018;04. Salamanca;041. Recoletos;11,097;2,12;25;15;8,937;6,494;510;270;402;1,106;116;39
2018;04. Salamanca;042. Goya;21,937;4,489;57;61;17,33;10,8;1,752;716;1,643;1,757;566;96
2018;04. Salamanca;043. Fuente del Berro;16,07;3,337;49;79;12,605;6,565;1,753;578;1,967;993;656;93
2018;04. Salamanca;044. Guindalera;32,253;6,175;103;106;25,869;14,397;2,913;1,158;3,673;2,492;1,085;151
2018;04. Salamanca;045. Lista;15,441;2,904;31;43;12,463;7,946;1,135;422;1,151;1,375;383;51
2018;04. Salamanca;046. Castellana;12,033;2,109;21;28;9,875;7,219;473;283;414;1,342;118;26
2018;05. Chamartín;05. Chamartín;;;;;;;;;;;;
2018;05. Chamartín;05. Chamartín;110,985;18,998;233;361;91,393;56,871;8,788;3,8;9,167;9,185;3,1;482
2018;05. Chamartín;051. El Viso;12,901;1,872;18;32;10,979;8,125;578;309;488;1,314;127;38
2018;05. Chamartín;052. Prosperidad;28,437;5,192;82;150;23,013;12,342;3,039;1,011;3,328;1,953;1,187;153
2018;05. Chamartín;053. Ciudad Jardín;14,066;2,869;34;41;11,122;5,679;1,492;517;1,762;924;674;74
2018;05. Chamartín;054. Hispanoamérica;24,435;4,068;50;63;20,254;13,382;1,63;875;1,61;2,151;510;96
2018;05. Chamartín;055. Nueva España;18,082;2,714;26;41;15,301;10,694;979;622;952;1,717;277;60
2018;05. Chamartín;056. Castilla;13,064;2,283;23;34;10,724;6,649;1,07;466;1,027;1,126;325;61
2018;06. Tetuán;06. Tetuán;;;;;;;;;;;;
2018;06. Tetuán;06. Tetuán;111,531;30,472;381;351;80,327;38,629;12,148;3,005;13,356;6,932;5,507;750
2018;06. Tetuán;061. Bellas Vistas;19,435;5,898;53;63;13,421;5,713;2,395;518;2,555;957;1,137;146
2018;06. Tetuán;062. Cuatro Caminos;25,907;5,603;83;92;20,129;11,513;2,397;784;2,506;1,9;885;144
2018;06. Tetuán;063. Castillejos;15,6;3,308;28;42;12,222;7,25;1,284;489;1,407;1,261;449;82
2018;06. Tetuán;064. Almenara;16,497;4,992;71;39;11,395;4,75;1,995;402;2,03;1,054;1,045;119
2018;06. Tetuán;065. Valdeacederas;17,402;5,521;79;65;11,737;4,652;2,111;422;2,498;878;1,031;145
2018;06. Tetuán;066. Berruguete;16,69;5,15;67;50;11,423;4,751;1,966;390;2,36;882;960;114
2018;07. Chamberí;07. Chamberí;;;;;;;;;;;;
2018;07. Chamberí;07. Chamberí;107,19;20,028;287;410;86,465;48,473;9,849;3,844;12,007;7,698;4,09;504
2018;07. Chamberí;071. Gaztambide;17,897;3,489;54;63;14,291;7,639;1,709;672;2,143;1,321;715;92
2018;07. Chamberí;072. Arapiles;18,834;3,738;65;111;14,92;7,552;2;684;2,531;1,155;894;104
2018;07. Chamberí;073. Trafalgar;18,677;3,796;60;70;14,751;7,271;1,965;691;2,708;1,077;937;102
2018;07. Chamberí;074. Almagro;14,612;2,505;30;36;12,041;7,981;1,002;464;980;1,25;322;42
2018;07. Chamberí;075. Ríos Rosas;21;4,026;33;71;16,87;9,72;1,897;730;2,188;1,494;760;81
2018;07. Chamberí;076. Vallehermoso;16,17;2,474;45;59;13,592;8,31;1,276;603;1,457;1,401;462;83
2018;08. Fuencarral-El Pardo;08. Fuencarral-El Pardo;;;;;;;;;;;;
2018;08. Fuencarral-El Pardo;08. Fuencarral-El Pardo;181,152;34,518;557;684;145,393;76,693;20,75;6,665;20,101;13,128;7,025;1,031
2018;08. Fuencarral-El Pardo;081. El Pardo;2,84;712;14;8;2,106;1,156;242;44;216;347;89;12
2018;08. Fuencarral-El Pardo;082. Fuentelarreina;2,495;362;3;11;2,119;1,528;124;77;74;284;24;8
2018;08. Fuencarral-El Pardo;083. Peñagrande;34,812;6,964;108;120;27,62;13,726;4,571;1,161;4,304;2,237;1,448;173
2018;08. Fuencarral-El Pardo;084. Pilar;35,746;8,726;136;136;26,748;12,193;4,961;989;4,535;2,012;1,822;236
2018;08. Fuencarral-El Pardo;085. La Paz;27,371;4,168;53;95;23,055;12,698;3,494;1,112;2,882;1,924;807;138
2018;08. Fuencarral-El Pardo;086. Valverde;41,512;8,531;149;179;32,653;16,575;4,518;1,601;4,925;2,841;1,904;289
2018;08. Fuencarral-El Pardo;087. Mirasierra;24,733;3,374;63;87;21,209;12,884;1,981;1,117;2,112;2,379;616;120
2018;08. Fuencarral-El Pardo;088. El Goloso;11,643;1,681;31;48;9,883;5,933;859;564;1,053;1,104;315;55
2018;09. Moncloa-Aravaca;09. Moncloa-Aravaca;89,797;16,28;283;277;72,957;39,321;9,103;2,913;10,436;6,952;3,799;433
2018;09. Moncloa-Aravaca;091. Casa de Campo;10,472;2,118;52;36;8,266;3,552;1,239;357;1,813;598;651;56
2018;09. Moncloa-Aravaca;092. Argüelles;18,342;3,613;44;45;14,64;8,11;1,674;607;2,055;1,505;609;80
2018;09. Moncloa-Aravaca;093. Ciudad Universitaria;12,454;2,083;32;41;10,298;6,034;1,125;441;1,21;970;459;59
2018;09. Moncloa-Aravaca;094. Valdezarza;22,885;4,954;110;87;17,734;7,525;3,27;661;3,471;1,283;1,381;143
2018;09. Moncloa-Aravaca;095. Valdemarín;4,364;534;11;4;3,815;2,888;129;113;92;558;28;7
2018;09. Moncloa-Aravaca;096. El Plantío;2,037;290;3;6;1,738;1,197;109;56;91;251;31;3
2018;09. Moncloa-Aravaca;097. Aravaca;19,243;2,688;31;58;16,466;10,015;1,557;678;1,704;1,787;640;85
2018;10. Latina;10. Latina;;;;;;;;;;;;
2018;10. Latina;10. Latina;172,027;45,051;707;612;125,657;52,174;23,317;3,742;24,276;9,844;11,164;1,14
2018;10. Latina;101. Los Cármenes;12,361;3,515;65;33;8,748;3,251;1,623;243;1,95;693;912;76
2018;10. Latina;102. Puerta del Ángel;28,88;8,725;102;76;19,977;7,875;3,444;562;4,317;1,414;2,173;192
2018;10. Latina;103. Lucero;25,722;7,077;94;78;18,473;7,365;3,422;584;3,644;1,431;1,874;153
2018;10. Latina;104. Aluche;48,539;12,175;178;184;36,002;15,719;7,011;1,059;6,46;2,526;2,899;328
2018;10. Latina;105. Campamento;13,227;3,258;45;52;9,872;4,871;1,433;323;1,45;1,102;601;92
2018;10. Latina;106. Cuatro Vientos;4,043;962;23;18;3,04;1,287;503;108;648;252;215;27
2018;10. Latina;107. Águilas;39,255;9,339;200;171;29,545;11,806;5,881;863;5,807;2,426;2,49;272
2018;11. Carabanchel;11. Carabanchel;;;;;;;;;;;;
2018;11. Carabanchel;11. Carabanchel;170,546;52,578;683;600;116,685;46,295;22,289;3,46;23,826;8,874;10,709;1,232
2018;11. Carabanchel;111. Comillas;16,04;4,556;68;40;11,376;4,623;2,031;297;2,361;829;1,153;82
2018;11. Carabanchel;112. Opañel;22,588;6,654;79;79;15,776;6,416;2,915;458;3,248;1,141;1,43;168
2018;11. Carabanchel;113. San Isidro;26,633;8,832;116;90;17,595;6,599;3,466;466;3,759;1,283;1,829;193
2018;11. Carabanchel;114. Vista Alegre;30,728;10,129;111;80;20,408;8,593;3,929;527;3,822;1,543;1,761;233
2018;11. Carabanchel;115. Puerta Bonita;22,566;7,945;68;71;14,482;5,522;2,999;400;2,862;1,13;1,402;167
2018;11. Carabanchel;116. Buenavista;31,946;8,022;148;164;23,612;9,236;4,289;887;5,161;1,834;1,949;256
2018;11. Carabanchel;117. Abrantes;20,045;6,44;93;76;13,436;5,306;2,66;425;2,613;1,114;1,185;133
2018;12. Usera;12. Usera;;;;;;;;;;;;
2018;12. Usera;12. Usera;89,659;30,5;365;273;58,521;20,32;12,449;1,561;13,271;4,393;5,731;796
2018;12. Usera;121. Orcasitas;16,93;4,879;71;58;11,922;3,618;2,501;294;3,302;898;1,158;151
2018;12. Usera;122. Orcasur;9,492;3,555;44;28;5,865;1,847;1,311;152;1,35;539;577;89
2018;12. Usera;123. San Fermín;15,218;5,374;56;66;9,722;3,412;2,111;264;2,193;755;884;103
2018;12. Usera;124. Almendrales;13,3;4,713;44;34;8,509;3,248;1,77;250;1,767;580;774;120
2018;12. Usera;125. Moscardó;16,231;5,244;70;35;10,882;4,194;2,103;316;2,245;791;1,114;119
2018;12. Usera;126. Zofío;8,981;2,968;42;31;5,94;1,913;1,328;158;1,341;425;635;140
2018;12. Usera;127. Pradolongo;9,507;3,767;38;21;5,681;2,088;1,325;127;1,073;405;589;74
2018;13. Puente de Vallecas;13. Puente de Vallecas;;;;;;;;;;;;
2018;13. Puente de Vallecas;13. Puente de Vallecas;162,441;53,052;707;574;108,108;29,909;25,459;2,462;25,69;7,347;15,816;1,425
2018;13. Puente de Vallecas;131. Entrevías;24,447;8,682;135;94;15,536;3,781;4,233;307;3,548;1,108;2,35;209
2018;13. Puente de Vallecas;132. San Diego;24,796;9,742;78;70;14,906;4,204;3,476;315;3,371;1,052;2,245;243
2018;13. Puente de Vallecas;133. Palomeras Bajas;29,416;7,864;126;89;21,337;5,448;4,675;560;5,745;1,179;3,509;221
2018;13. Puente de Vallecas;134. Palomeras Sureste;31,624;9,232;143;126;22,123;5,909;5,379;525;5,446;1,562;3,029;273
2018;13. Puente de Vallecas;135. Portazgo;20,436;6,816;91;83;13,446;3,833;3,169;254;3,039;990;2,002;159
2018;13. Puente de Vallecas;136. Numancia;31,722;10,716;134;112;20,76;6,734;4,527;501;4,541;1,456;2,681;320
2018;14. Moratalaz;14. Moratalaz;;;;;;;;;;;;
2018;14. Moratalaz;14. Moratalaz;73,341;17,236;280;276;55,549;23,35;10,419;1,91;11,004;3,82;4,598;448
2018;14. Moratalaz;141. Pavones;6,933;1,776;23;29;5,105;1,885;1,086;158;1,114;353;457;52
2018;14. Moratalaz;142. Horcajo;4,883;912;17;16;3,938;1,564;697;218;862;270;298;29
2018;14. Moratalaz;143. Marroquina;22,131;4,265;92;96;17,678;8,092;3,092;679;3,338;1,176;1,172;129
2018;14. Moratalaz;144. Media Legua;13,861;3,38;49;45;10,387;4,632;1,843;338;1,86;775;854;85
2018;14. Moratalaz;145. Fontarrón;12,567;3,747;39;41;8,74;3,267;1,789;228;1,861;614;900;81
2018;14. Moratalaz;146. Vinateros;12,966;3,156;60;49;9,701;3,91;1,912;289;1,969;632;917;72
2018;15. Ciudad Lineal;15. Ciudad Lineal;;;;;;;;;;;;
2018;15. Ciudad Lineal;15. Ciudad Lineal;158,339;40,158;558;496;117,127;56,201;19,08;4,561;18,998;9,429;7,869;989
2018;15. Ciudad Lineal;151. Ventas;34,797;10,158;145;110;24,384;10,252;4,607;819;4,654;1,727;2,088;237
2018;15. Ciudad Lineal;152. Pueblo Nuevo;44,21;12,609;182;147;31,272;12,961;6,224;1,131;5,839;2,245;2,532;340
2018;15. Ciudad Lineal;153. Quintana;17,405;4,979;63;37;12,326;5,473;2,042;450;2,255;1,003;981;122
2018;15. Ciudad Lineal;154. Concepción;15,453;3,775;64;50;11,564;5,531;1,691;515;1,986;945;819;77
2018;15. Ciudad Lineal;155. San Pascual;14,071;2,887;49;48;11,087;5,644;1,77;458;1,689;815;627;84
2018;15. Ciudad Lineal;156. San Juan Bautista;9,293;1,722;20;29;7,522;4,272;930;349;954;639;339;39
2018;15. Ciudad Lineal;157. Colina;4,702;807;7;23;3,865;2,133;513;195;492;338;164;30
2018;15. Ciudad Lineal;158. Atalaya;1,136;240;2;5;889;601;84;37;73;66;24;4
2018;15. Ciudad Lineal;159. Costillares;17,272;2,981;26;47;14,218;9,334;1,219;607;1,056;1,651;295;56
2018;16. Hortaleza;16. Hortaleza;;;;;;;;;;;;
2018;16. Hortaleza;16. Hortaleza;138,849;28,72;457;550;109,122;56,377;15,994;4,748;16,102;9,403;5,675;823
2018;16. Hortaleza;161. Palomas;4,787;700;10;16;4,061;2,689;325;205;300;438;90;14
2018;16. Hortaleza;162. Piovera;10,146;1,66;14;35;8,437;5,431;752;407;765;805;235;42
2018;16. Hortaleza;163. Canillas;31,641;6,996;127;116;24,402;10,976;4,51;997;4,298;1,807;1,624;190
2018;16. Hortaleza;164. Pinar del Rey;40,287;10,104;158;144;29,881;13,335;5,521;1,019;5,231;2,449;2,017;309
2018;16. Hortaleza;165. Apóstol Santiago;11,966;2,973;44;47;8,902;4,104;1,477;305;1,516;867;566;67
2018;16. Hortaleza;166. Valdefuentes;40,022;6,287;104;192;33,439;19,842;3,409;1,815;3,992;3,037;1,143;201
2018;17. Villaverde;17. Villaverde;;;;;;;;;;;;
2018;17. Villaverde;17. Villaverde;99,737;31,161;494;322;67,76;22,93;15,543;1,966;14,717;5,212;6,658;734
2018;17. Villaverde;171. Villaverde Alto, Casco Histórico de Villaverde;29,96;10,077;159;101;19,623;6,413;4,812;529;4,04;1,544;2,033;252
2018;17. Villaverde;172. San Cristóbal;8,525;3,929;18;30;4,548;1,29;1,202;82;934;356;593;91
2018;17. Villaverde;173. Butarque;12,951;3,128;77;45;9,701;3,203;1,766;343;2,569;785;947;88
2018;17. Villaverde;174. Los Rosales;25,124;7,679;137;87;17,221;5,766;4,032;564;3,831;1,247;1,597;184
2018;17. Villaverde;175. Ángeles;23,177;6,348;103;59;16,667;6,258;3,731;448;3,343;1,28;1,488;119
2018;18. Villa de Vallecas;18. Villa de Vallecas;;;;;;;;;;;;
2018;18. Villa de Vallecas;18. Villa de Vallecas;78,125;20,584;374;378;56,789;19,703;10,521;1,946;14,04;4,223;5,736;620
2018;18. Villa de Vallecas;181. Casco Histórico de Vallecas;27,04;9,103;131;91;17,715;5,286;3,971;395;4,444;1,268;2,127;224
2018;18. Villa de Vallecas;182. Santa Eugenia;19,007;4,159;84;102;14,662;5,749;2,998;459;2,989;1,067;1,26;140
2018;18. Villa de Vallecas;183. Ensanche de Vallecas;32,078;7,322;159;185;24,412;8,668;3,552;1,092;6,607;1,888;2,349;256
2018;19. Vicálvaro;19. Vicálvaro;;;;;;;;;;;;
2018;19. Vicálvaro;19. Vicálvaro;52,505;12,559;222;216;39,508;14,293;7,762;1,52;9,111;2,851;3,548;423
2018;19. Vicálvaro;191. Casco Histórico de Vicálvaro;23,488;7,603;87;76;15,722;5,731;3,678;411;3,029;1,218;1,467;188
2018;19. Vicálvaro;192. Valdebernardo;13,848;2,731;63;49;11,005;3,492;2,184;437;2,92;685;1,193;94
2018;19. Vicálvaro;193. Valderribas;12,184;1,623;60;80;10,421;4,105;1,639;542;2,588;713;727;107
2018;19. Vicálvaro;194. El Cañaveral;2,985;602;12;11;2,36;965;261;130;574;235;161;34
2018;20. San Blas-Canillejas;20. San Blas-Canillejas;;;;;;;;;;;;
2018;20. San Blas-Canillejas;20. San Blas-Canillejas;115,074;30,543;488;494;83,549;34,779;15,058;3,1;16,487;6,6;6,669;856
2018;20. San Blas-Canillejas;201. Simancas;19,174;5,767;84;78;13,245;5,519;2,371;459;2,561;1,06;1,125;150
2018;20. San Blas-Canillejas;202. Hellín;6,806;2,252;28;28;4,498;1,43;1;82;1,039;361;525;61
2018;20. San Blas-Canillejas;203. Amposta;5,982;2,515;16;13;3,438;1,137;801;89;712;300;342;57
2018;20. San Blas-Canillejas;204. Arcos;18,129;5,513;63;72;12,481;4,508;2,514;384;2,703;988;1,229;155
2018;20. San Blas-Canillejas;205. Rosas;24,307;4,233;129;134;19,811;8,171;3,421;936;4,374;1,347;1,415;147
2018;20. San Blas-Canillejas;206. Rejas;10,825;2,805;28;45;7,947;3,985;1,118;339;1,244;713;487;61
2018;20. San Blas-Canillejas;207. Canillejas;20,789;5,889;108;92;14,7;6,392;2,747;434;2,615;1,185;1,165;162
2018;20. San Blas-Canillejas;208. El Salvador;9,062;1,569;32;32;7,429;3,637;1,086;377;1,239;646;381;63
2018;21. Barajas;21. Barajas;;;;;;;;;;;;
2018;21. Barajas;21. Barajas;36,057;7,127;104;139;28,687;14,513;4,086;1,407;4,478;2,491;1,504;208
2018;21. Barajas;211. Alameda de Osuna;15,067;2,296;32;55;12,684;6,539;1,851;658;1,914;1,024;626;72
2018;21. Barajas;212. Aeropuerto;1,232;499;4;5;724;294;121;16;137;95;54;7
2018;21. Barajas;213. Casco Histórico de Barajas;5,327;1,469;20;17;3,821;1,685;680;103;646;387;275;45
2018;21. Barajas;214. Timón;9,178;2,024;36;41;7,077;3,322;969;358;1,317;621;433;57
2018;21. Barajas;215. Corralejos;5,253;839;12;21;4,381;2,673;465;272;464;364;116;27