AÑO;DISTRITO;BARRIO;Ingenieros y licenciados. Personal de alta dirección;Ingenieros técnicos, peritos y ayudantes titulados;Jefes administrativos y de taller;Ayudantes no titulados;Oficiales administrativos;Subalternos;Auxiliares administrativos;Oficiales de primera y segunda;Oficiales de tercera y especialistas;Peones;Trabajadores menores de 18 años;No consta
2017;01. Centro;01. Centro;;;;;;;;;;;;
2017;01. Centro;01. Centro;11.119;3.681;3.312;1.846;6.244;2.776;5.865;3.442;2.569;2.615;2;1.793
2017;01. Centro;011. Palacio;1.933;694;621;311;1.052;441;975;459;350;318;0;245
2017;01. Centro;012. Embajadores;3.167;1.298;1.024;654;2.042;1.166;2.164;1.386;1.098;1.277;1;592
2017;01. Centro;013. Cortes;999;259;288;138;492;166;423;252;156;141;0;108
2017;01. Centro;014. Justicia;1.664;360;435;195;756;279;602;349;223;235;0;232
2017;01. Centro;015. Universidad;2.794;915;757;455;1.549;593;1.395;798;609;540;0;525
2017;01. Centro;016. Sol;562;155;186;93;353;131;306;198;133;104;1;91
2017;02. Arganzuela;02. Arganzuela;;;;;;;;;;;;
2017;02. Arganzuela;02. Arganzuela;14.992;6.407;4.399;2.488;7.787;2.404;6.639;3.308;2.201;2.578;1;10.597
2017;02. Arganzuela;021. Imperial;2.261;944;686;370;1.207;345;990;438;249;265;0;1.444
2017;02. Arganzuela;022. Acacias;3.764;1.648;1.094;582;1.884;494;1.499;633;401;418;0;2.380
2017;02. Arganzuela;023. Chopera;1.155;618;416;303;999;426;950;621;449;563;0;1.432
2017;02. Arganzuela;024. Legazpi;2.732;1.026;817;348;1.120;192;745;322;192;209;1;1.381
2017;02. Arganzuela;025. Delicias;2.769;1.173;800;424;1.347;442;1.179;598;403;534;0;1.943
2017;02. Arganzuela;026. Palos de Moguer;2.250;952;552;413;1.168;479;1.202;662;485;563;0;1.957
2017;02. Arganzuela;027. Atocha;61;46;34;48;62;26;73;34;22;26;0;60
2017;03. Retiro;03. Retiro;;;;;;;;;;;;
2017;03. Retiro;03. Retiro;12.966;4.165;3.062;1.433;5.061;1.771;4.310;1.506;973;1.145;0;1.360
2017;03. Retiro;031. Pacífico;3.266;1.275;904;468;1.610;524;1.422;539;364;419;0;470
2017;03. Retiro;032. Adelfas;1.995;773;548;297;971;261;789;289;205;227;0;165
2017;03. Retiro;033. Estrella;2.691;876;618;241;895;247;746;219;122;150;0;172
2017;03. Retiro;034. Ibiza;2.291;632;508;236;895;399;745;296;181;227;0;282
2017;03. Retiro;035. Los Jerónimos;720;173;142;74;208;124;202;54;33;42;0;103
2017;03. Retiro;036. Niño Jesús;2.003;436;342;117;482;216;406;109;68;80;0;168
2017;04. Salamanca;04. Salamanca;;;;;;;;;;;;
2017;04. Salamanca;04. Salamanca;15.829;3.910;3.452;1.458;5.843;2.491;5.128;1.637;1.105;1.317;1;2.647
2017;04. Salamanca;041. Recoletos;1.773;223;307;104;408;297;396;87;54;83;0;378
2017;04. Salamanca;042. Goya;3.418;776;671;290;1.170;513;1.021;369;225;230;1;470
2017;04. Salamanca;043. Fuente del Berro;2.040;698;562;254;1.010;344;879;358;220;310;0;328
2017;04. Salamanca;044. Guindalera;4.352;1.424;1.126;500;1.892;682;1.717;514;379;411;0;623
2017;04. Salamanca;045. Lista;2.328;523;460;198;799;364;743;209;154;169;0;366
2017;04. Salamanca;046. Castellana;1.918;266;326;112;564;291;372;100;73;114;0;482
2017;05. Chamartín;05. Chamartín;;;;;;;;;;;;
2017;05. Chamartín;05. Chamartín;17.547;3.857;3.521;1.578;5.550;2.028;4.737;1.457;1.036;1.168;1;2.554
2017;05. Chamartín;051. El Viso;2.158;263;300;130;467;238;445;81;71;90;0;549
2017;05. Chamartín;052. Prosperidad;3.931;1.229;1.020;525;1.709;577;1.490;533;364;382;0;556
2017;05. Chamartín;053. Ciudad Jardín;1.881;559;468;228;820;290;712;305;245;278;0;345
2017;05. Chamartín;054. Hispanoamérica;4.052;771;746;307;1.090;435;887;219;156;179;0;431
2017;05. Chamartín;055. Nueva España;3.390;509;571;213;769;281;602;134;88;125;1;474
2017;05. Chamartín;056. Castilla;2.135;526;416;175;695;207;601;185;112;114;0;199
2017;06. Tetuán;06. Tetuán;;;;;;;;;;;;
2017;06. Tetuán;06. Tetuán;10.825;4.068;3.214;1.874;6.823;3.095;6.893;4.655;3.502;4.456;2;5.704
2017;06. Tetuán;061. Bellas Vistas;1.650;753;511;333;1.147;603;1.260;920;800;939;0;1.344
2017;06. Tetuán;062. Cuatro Caminos;3.514;955;747;388;1.409;555;1.255;653;507;569;0;931
2017;06. Tetuán;063. Castillejos;2.086;562;501;201;865;318;736;352;256;300;0;473
2017;06. Tetuán;064. Almenara;1.112;502;382;264;1.017;488;1.094;764;528;831;1;657
2017;06. Tetuán;065. Valdeacederas;1.253;630;565;360;1.287;596;1.314;1.071;729;945;1;1.118
2017;06. Tetuán;066. Berruguete;1.210;666;508;328;1.098;535;1.234;895;682;872;0;1.181
2017;07. Chamberí;07. Chamberí;;;;;;;;;;;;
2017;07. Chamberí;07. Chamberí;16.222;3.865;3.285;1.469;5.371;2.400;4.741;1.691;1.213;1.364;1;2.515
2017;07. Chamberí;071. Gaztambide;2.496;712;475;244;795;413;809;266;191;206;0;369
2017;07. Chamberí;072. Arapiles;2.659;721;594;293;1.049;472;903;350;262;293;0;419
2017;07. Chamberí;073. Trafalgar;2.986;727;667;328;1.145;377;923;384;257;284;1;404
2017;07. Chamberí;074. Almagro;2.267;376;442;149;625;353;583;186;145;163;0;530
2017;07. Chamberí;075. Ríos Rosas;3.366;795;696;274;1.076;467;913;333;249;284;0;480
2017;07. Chamberí;076. Vallehermoso;2.448;534;411;181;681;318;610;172;109;133;0;313
2017;08. Fuencarral-El Pardo;08. Fuencarral-El Pardo;;;;;;;;;;;;
2017;08. Fuencarral-El Pardo;08. Fuencarral-El Pardo;23.060;8.191;6.402;3.468;11.023;3.667;10.036;4.831;2.944;4.064;2;3.408
2017;08. Fuencarral-El Pardo;081. El Pardo;114;68;67;82;146;100;163;86;73;117;0;13
2017;08. Fuencarral-El Pardo;082. Fuentelarreina;363;37;57;20;62;19;78;13;7;15;0;100
2017;08. Fuencarral-El Pardo;083. Peñagrande;3.421;1.515;1.086;624;2.048;689;2.034;985;587;841;0;651
2017;08. Fuencarral-El Pardo;084. Pilar;2.347;1.343;938;655;2.156;1.210;2.392;1.421;912;1.191;0;1.005
2017;08. Fuencarral-El Pardo;085. La Paz;3.728;1.289;860;376;1.489;344;1.217;384;196;264;1;237
2017;08. Fuencarral-El Pardo;086. Valverde;6.396;2.185;1.858;978;3.048;937;2.648;1.456;903;1.324;1;979
2017;08. Fuencarral-El Pardo;087. Mirasierra;4.075;1.036;897;404;1.226;249;983;299;186;217;0;339
2017;08. Fuencarral-El Pardo;088. El Goloso;2.616;718;639;329;848;119;521;187;80;95;0;84
2017;09. Moncloa-Aravaca;09. Moncloa-Aravaca;;;;;;;;;;;;
2017;09. Moncloa-Aravaca;09. Moncloa-Aravaca;11.670;3.095;2.593;1.242;4.285;1.629;4.067;1.796;1.102;1.438;1;2.361
2017;09. Moncloa-Aravaca;091. Casa de Campo;1.206;429;355;165;588;193;518;224;125;137;0;113
2017;09. Moncloa-Aravaca;092. Argüelles;2.492;630;492;259;851;456;817;280;206;245;0;426
2017;09. Moncloa-Aravaca;093. Ciudad Universitaria;1.775;402;294;166;499;176;418;140;97;128;0;275
2017;09. Moncloa-Aravaca;094. Valdezarza;1.747;894;646;391;1.319;591;1.373;844;508;681;0;608
2017;09. Moncloa-Aravaca;095. Valdemarín;913;83;125;33;127;10;131;27;9;15;0;206
2017;09. Moncloa-Aravaca;096. El Plantío;345;47;63;13;57;14;85;12;5;12;0;87
2017;09. Moncloa-Aravaca;097. Aravaca;3.192;610;618;215;844;189;724;269;152;220;1;646
2017;10. Latina;10. Latina;;;;;;;;;;;;
2017;10. Latina;10. Latina;7.715;5.813;4.309;3.368;10.458;5.249;11.277;8.425;5.839;7.568;4;7.493
2017;10. Latina;101. Los Cármenes;556;410;332;239;781;400;832;658;448;555;0;415
2017;10. Latina;102. Puerta del Ángel;1.514;963;744;543;1.823;955;2.052;1.503;1.121;1.441;2;1.454
2017;10. Latina;103. Lucero;1.212;897;664;528;1.592;760;1.657;1.234;943;1.170;1;1.201
2017;10. Latina;104. Aluche;2.032;1.631;1.091;844;2.771;1.425;2.967;2.115;1.521;2.000;1;2.253
2017;10. Latina;105. Campamento;598;444;337;255;745;412;821;610;441;631;0;825
2017;10. Latina;106. Cuatro Vientos;381;255;197;121;387;107;301;204;118;97;0;47
2017;10. Latina;107. Águilas;1.422;1.213;944;838;2.358;1.189;2.647;2.100;1.247;1.674;0;1.298
2017;11. Carabanchel;11. Carabanchel;;;;;;;;;;;;
2017;11. Carabanchel;11. Carabanchel;6.832;5.509;4.189;3.452;10.585;6.037;12.168;10.105;7.195;9.892;1;8.003
2017;11. Carabanchel;111. Comillas;780;516;363;256;910;506;1.108;809;599;758;0;637
2017;11. Carabanchel;112. Opañel;964;720;523;447;1.425;772;1.602;1.222;914;1.255;0;1.176
2017;11. Carabanchel;113. San Isidro;953;735;610;454;1.475;925;1.884;1.573;1.150;1.632;0;1.384
2017;11. Carabanchel;114. Vista Alegre;977;841;597;573;1.722;1.110;2.144;1.741;1.373;1.911;0;1.799
2017;11. Carabanchel;115. Puerta Bonita;630;569;458;441;1.211;869;1.554;1.485;1.072;1.545;0;1.175
2017;11. Carabanchel;116. Buenavista;1.749;1.509;1.156;856;2.629;1.135;2.534;2.101;1.163;1.529;0;818
2017;11. Carabanchel;117. Abrantes;779;619;482;425;1.212;720;1.342;1.173;924;1.262;1;1.014
2017;12. Usera;12. Usera;;;;;;;;;;;;
2017;12. Usera;12. Usera;2.578;2.255;1.782;1.680;5.115;3.393;6.391;5.883;4.407;6.721;7;4.281
2017;12. Usera;121. Orcasitas;461;430;380;346;1.058;553;1.117;1.045;609;1.043;0;320
2017;12. Usera;122. Orcasur;236;228;172;150;502;361;580;620;457;782;0;281
2017;12. Usera;123. San Fermín;482;418;358;290;966;619;1.114;1.018;666;1.127;0;591
2017;12. Usera;124. Almendrales;436;323;227;253;737;500;1.003;867;714;997;2;745
2017;12. Usera;125. Moscardó;516;439;327;302;922;628;1.245;1.010;864;1.166;1;1.073
2017;12. Usera;126. Zofío;258;233;181;169;453;341;660;573;455;676;1;495
2017;12. Usera;127. Pradolongo;189;184;136;170;477;390;672;749;642;930;3;776
2017;13. Puente de Vallecas;13. Puente de Vallecas;;;;;;;;;;;;
2017;13. Puente de Vallecas;13. Puente de Vallecas;3.829;3.511;3.048;2.842;9.084;6.161;11.336;11.341;7.706;13.058;6;6.747
2017;13. Puente de Vallecas;131. Entrevías;259;313;299;342;1.157;840;1.464;1.749;1.160;2.169;0;987
2017;13. Puente de Vallecas;132. San Diego;522;473;374;428;1.290;1.130;1.835;1.952;1.535;2.424;2;1.623
2017;13. Puente de Vallecas;133. Palomeras Bajas;925;873;731;629;1.879;1.111;2.181;1.884;1.192;1.957;2;923
2017;13. Puente de Vallecas;134. Palomeras Sureste;877;734;678;596;1.889;1.143;2.294;2.293;1.381;2.485;0;966
2017;13. Puente de Vallecas;135. Portazgo;345;366;304;291;989;752;1.315;1.421;907;1.653;1;644
2017;13. Puente de Vallecas;136. Numancia;901;751;662;556;1.880;1.183;2.247;2.042;1.531;2.370;1;1.604
2017;14. Moratalaz;14. Moratalaz;;;;;;;;;;;;
2017;14. Moratalaz;14. Moratalaz;4.578;2.761;2.153;1.342;4.488;1.918;4.457;2.871;1.912;2.577;0;1.751
2017;14. Moratalaz;141. Pavones;394;256;195;155;418;182;436;301;171;269;0;119
2017;14. Moratalaz;142. Horcajo;512;290;250;122;384;109;315;185;102;123;0;37
2017;14. Moratalaz;143. Marroquina;1.708;960;700;423;1.431;502;1.303;692;447;549;0;373
2017;14. Moratalaz;144. Media Legua;851;494;379;232;730;344;772;499;361;524;0;307
2017;14. Moratalaz;145. Fontarrón;479;348;292;208;719;416;755;642;456;633;0;514
2017;14. Moratalaz;146. Vinateros;634;413;337;202;806;365;876;552;375;479;0;401
2017;15. Ciudad Lineal;15. Ciudad Lineal;;;;;;;;;;;;
2017;15. Ciudad Lineal;15. Ciudad Lineal;12.980;5.559;4.559;2.707;9.553;4.322;10.063;6.171;4.388;6.143;3;5.480
2017;15. Ciudad Lineal;151. Ventas;1.579;1.088;833;634;2.168;1.216;2.567;1.795;1.281;1.724;0;1.540
2017;15. Ciudad Lineal;152. Pueblo Nuevo;2.112;1.447;1.178;837;2.774;1.408;3.176;2.414;1.673;2.444;2;2.088
2017;15. Ciudad Lineal;153. Quintana;1.081;657;457;337;1.097;570;1.284;771;578;853;0;769
2017;15. Ciudad Lineal;154. Concepción;1.330;626;463;264;974;460;908;472;369;473;0;465
2017;15. Ciudad Lineal;155. San Pascual;1.467;545;481;236;875;310;808;373;262;341;0;237
2017;15. Ciudad Lineal;156. San Juan Bautista;1.580;360;355;113;549;113;407;129;75;114;1;103
2017;15. Ciudad Lineal;157. Colina;709;191;169;55;252;69;208;67;32;45;0;60
2017;15. Ciudad Lineal;158. Atalaya;193;38;44;5;47;15;43;7;5;3;0;13
2017;15. Ciudad Lineal;159. Costillares;2.929;607;579;226;817;161;662;143;113;146;0;205
2017;16. Hortaleza;16. Hortaleza;;;;;;;;;;;;
2017;16. Hortaleza;16. Hortaleza;15.731;5.651;4.980;2.677;9.271;2.907;7.967;4.428;2.551;3.379;2;2.492
2017;16. Hortaleza;161. Palomas;908;196;200;60;210;33;157;40;27;23;0;51
2017;16. Hortaleza;162. Piovera;1.945;363;353;135;503;93;377;114;61;84;0;258
2017;16. Hortaleza;163. Canillas;2.661;1.222;1.069;589;2.165;767;1.848;1.107;626;798;0;486
2017;16. Hortaleza;164. Pinar del Rey;2.419;1.222;1.102;755;2.617;1.159;2.723;1.777;1.097;1.558;2;1.091
2017;16. Hortaleza;165. Apóstol Santiago;765;378;287;237;759;329;727;499;290;454;0;267
2017;16. Hortaleza;166. Valdefuentes;7.033;2.270;1.969;901;3.017;526;2.135;891;450;462;0;339
2017;17. Villaverde;17. Villaverde;;;;;;;;;;;;
2017;17. Villaverde;17. Villaverde;2.707;2.498;2.102;1.887;5.896;3.628;6.827;7.020;4.884;7.220;2;4.445
2017;17. Villaverde;171. Villaverde Alto, Casco Histórico de Villaverde;635;603;539;487;1.695;1.126;2.046;2.195;1.557;2.502;0;1.287
2017;17. Villaverde;172. San Cristóbal;67;59;68;105;296;379;464;719;669;995;0;693
2017;17. Villaverde;173. Butarque;547;485;385;376;1.049;496;1.107;972;566;718;0;380
2017;17. Villaverde;174. Los Rosales;860;761;657;523;1.584;941;1.788;1.868;1.190;1.786;1;1.266
2017;17. Villaverde;175. Ángeles;598;590;453;396;1.272;686;1.422;1.266;902;1.219;1;819
2017;18. Villa de Vallecas;18. Villa de Vallecas;;;;;;;;;;;;
2017;18. Villa de Vallecas;18. Villa de Vallecas;4.342;3.494;2.595;1.865;6.320;2.450;6.313;4.972;2.776;4.155;1;1.798
2017;18. Villa de Vallecas;181. Casco Histórico de Vallecas;555;548;494;467;1.658;951;2.008;2.175;1.311;2.275;1;939
2017;18. Villa de Vallecas;182. Santa Eugenia;1.019;725;604;420;1.325;560;1.308;963;512;818;0;523
2017;18. Villa de Vallecas;183. Ensanche de Vallecas;2.768;2.221;1.497;978;3.337;939;2.997;1.834;953;1.062;0;336
2017;19. Vicálvaro;19. Vicálvaro;;;;;;;;;;;;
2017;19. Vicálvaro;19. Vicálvaro;2.711;2.038;1.680;1.238;3.769;1.605;3.631;3.133;1.707;2.818;1;1.302
2017;19. Vicálvaro;191. Casco Histórico de Vicálvaro;461;457;422;396;1.210;817;1.502;1.690;1.058;1.862;1;1.002
2017;19. Vicálvaro;192. Valdebernardo;923;705;535;404;1.047;416;992;646;346;546;0;191
2017;19. Vicálvaro;193. Valderribas;1.310;867;714;430;1.492;361;1.123;782;300;402;0;104
2017;19. Vicálvaro;194. El Cañaveral;17;9;9;8;20;11;14;15;3;8;0;5
2017;20. San Blas-Canillejas;20. San Blas-Canillejas;;;;;;;;;;;;
2017;20. San Blas-Canillejas;20. San Blas-Canillejas;7.927;4.044;3.662;2.377;8.034;3.510;7.854;6.054;3.509;5.433;4;2.865
2017;20. San Blas-Canillejas;201. Simancas;1.358;613;591;360;1.272;648;1.370;1.061;698;1.038;0;709
2017;20. San Blas-Canillejas;202. Hellín;114;115;101;112;401;266;479;467;276;496;0;182
2017;20. San Blas-Canillejas;203. Amposta;77;83;80;108;310;229;401;403;287;512;0;221
2017;20. San Blas-Canillejas;204. Arcos;653;503;425;335;1.147;640;1.259;1.232;680;1.169;2;425
2017;20. San Blas-Canillejas;205. Rosas;2.260;1.295;1.100;645;2.027;602;1.694;1.004;486;599;0;286
2017;20. San Blas-Canillejas;206. Rejas;1.402;549;550;283;976;263;770;485;241;320;0;197
2017;20. San Blas-Canillejas;207. Canillejas;940;550;511;353;1.324;717;1.408;1.199;737;1.191;2;742
2017;20. San Blas-Canillejas;208. El Salvador;1.123;336;304;181;577;145;473;203;104;108;0;103
2017;21. Barajas;21. Barajas;;;;;;;;;;;;
2017;21. Barajas;21. Barajas;4.002;1.449;1.318;700;2.797;896;1.962;1.254;786;1.001;0;472
2017;21. Barajas;211. Alameda de Osuna;1.876;660;552;278;1.049;229;716;258;144;161;0;127
2017;21. Barajas;212. Aeropuerto;11;19;9;23;77;50;65;100;71;123;0;70
2017;21. Barajas;213. Casco Histórico de Barajas;165;104;117;105;448;256;354;422;246;381;0;154
2017;21. Barajas;214. Timón;842;433;354;215;837;302;599;404;286;291;0;89
2017;21. Barajas;215. Corralejos;1.108;233;286;79;386;59;228;70;39;45;0;32
2018;01. Centro;01. Centro;;;;;;;;;;;;
2018;01. Centro;01. Centro;11.904;3.835;3.501;1.823;6.340;2.788;6.053;3.481;2.525;2.484;4;1.658
2018;01. Centro;011. Palacio;2.070;697;650;305;1.064;416;1.056;455;340;292;0;221
2018;01. Centro;012. Embajadores;3.406;1.382;1.087;644;2.105;1.145;2.195;1.399;1.067;1.250;2;564
2018;01. Centro;013. Cortes;1.012;279;291;130;486;182;430;263;154;132;0;97
2018;01. Centro;014. Justicia;1.733;392;462;193;770;291;648;335;238;215;0;226
2018;01. Centro;015. Universidad;3.096;924;820;464;1.572;606;1.426;830;608;497;1;477
2018;01. Centro;016. Sol;587;161;191;87;343;148;298;199;118;98;1;73
2018;02. Arganzuela;02. Arganzuela;;;;;;;;;;;;
2018;02. Arganzuela;02. Arganzuela;15.737;6.678;4.676;2.508;7.901;2.426;6.780;3.429;2.129;2.546;3;2.058
2018;02. Arganzuela;021. Imperial;2.355;985;744;391;1.191;352;961;457;236;249;0;174
2018;02. Arganzuela;022. Acacias;3.898;1.652;1.134;606;1.921;482;1.573;648;386;398;0;279
2018;02. Arganzuela;023. Chopera;1.310;706;457;306;1.024;440;943;647;405;561;2;504
2018;02. Arganzuela;024. Legazpi;2.849;1.085;860;338;1.137;199;789;331;175;206;1;132
2018;02. Arganzuela;025. Delicias;2.927;1.208;833;422;1.359;448;1.212;609;415;528;0;436
2018;02. Arganzuela;026. Palos de Moguer;2.328;991;610;403;1.208;481;1.232;698;491;586;0;528
2018;02. Arganzuela;027. Atocha;70;51;38;42;61;24;69;39;21;18;0;5
2018;03. Retiro;03. Retiro;;;;;;;;;;;;
2018;03. Retiro;03. Retiro;13.531;4.234;3.161;1.445;5.063;1.752;4.295;1.546;989;1.088;1;1.270
2018;03. Retiro;031. Pacífico;3.400;1.258;929;458;1.647;528;1.425;541;384;397;1;419
2018;03. Retiro;032. Adelfas;2.143;803;557;291;965;258;821;312;191;225;0;156
2018;03. Retiro;033. Estrella;2.802;905;642;245;883;257;714;204;116;140;0;149
2018;03. Retiro;034. Ibiza;2.409;648;512;253;876;378;751;316;184;212;0;289
2018;03. Retiro;035. Los Jerónimos;716;178;151;61;211;125;206;56;42;48;0;100
2018;03. Retiro;036. Niño Jesús;2.061;442;370;137;481;206;378;117;72;66;0;157
2018;04. Salamanca;04. Salamanca;;;;;;;;;;;;
2018;04. Salamanca;04. Salamanca;16.745;4.040;3.664;1.472;6.009;2.472;5.244;1.738;1.134;1.291;0;2.501
2018;04. Salamanca;041. Recoletos;1.781;218;330;108;426;298;372;94;53;74;0;331
2018;04. Salamanca;042. Goya;3.643;792;694;315;1.196;515;1.072;373;239;215;0;419
2018;04. Salamanca;043. Fuente del Berro;2.161;709;610;247;1.049;322;880;380;232;299;0;340
2018;04. Salamanca;044. Guindalera;4.680;1.473;1.189;479;1.945;693;1.724;587;390;423;0;628
2018;04. Salamanca;045. Lista;2.481;571;514;208;832;343;759;210;164;180;0;330
2018;04. Salamanca;046. Castellana;1.999;277;327;115;561;301;437;94;56;100;0;453
2018;05. Chamartín;05. Chamartín;;;;;;;;;;;;
2018;05. Chamartín;05. Chamartín;18.658;4.060;3.601;1.625;5.755;2.068;4.829;1.548;1.022;1.200;1;2.422
2018;05. Chamartín;051. El Viso;2.296;273;328;119;488;249;439;87;64;98;1;532
2018;05. Chamartín;052. Prosperidad;4.167;1.317;1.006;524;1.782;600;1.518;583;369;392;0;525
2018;05. Chamartín;053. Ciudad Jardín;2.035;575;487;244;852;300;732;330;228;272;0;339
2018;05. Chamartín;054. Hispanoamérica;4.235;801;760;330;1.123;420;864;224;154;191;0;403
2018;05. Chamartín;055. Nueva España;3.647;528;585;223;789;280;631;131;85;116;0;440
2018;05. Chamartín;056. Castilla;2.278;566;435;185;721;219;645;193;122;131;0;183
2018;06. Tetuán;06. Tetuán;;;;;;;;;;;;
2018;06. Tetuán;06. Tetuán;11.763;4.270;3.429;1.922;7.014;3.228;7.195;4.947;3.633;4.545;2;5.728
2018;06. Tetuán;061. Bellas Vistas;1.803;788;548;339;1.157;632;1.343;982;841;930;1;1.337
2018;06. Tetuán;062. Cuatro Caminos;3.787;971;772;390;1.461;563;1.287;680;499;525;0;938
2018;06. Tetuán;063. Castillejos;2.258;594;545;211;911;323;740;379;268;296;0;458
2018;06. Tetuán;064. Almenara;1.236;559;447;272;1.032;537;1.169;801;526;877;0;657
2018;06. Tetuán;065. Valdeacederas;1.351;672;587;372;1.317;622;1.357;1.134;763;988;0;1.146
2018;06. Tetuán;066. Berruguete;1.328;686;530;338;1.136;551;1.299;971;736;929;1;1.192
2018;07. Chamberí;07. Chamberí;;;;;;;;;;;;
2018;07. Chamberí;07. Chamberí;17.224;3.941;3.375;1.526;5.493;2.402;4.907;1.710;1.147;1.362;2;2.267
2018;07. Chamberí;071. Gaztambide;2.660;716;518;252;865;402;787;257;195;219;1;331
2018;07. Chamberí;072. Arapiles;2.909;757;589;305;1.050;467;962;341;258;295;1;349
2018;07. Chamberí;073. Trafalgar;3.122;722;659;343;1.156;397;983;404;246;264;0;365
2018;07. Chamberí;074. Almagro;2.398;396;439;159;630;336;586;197;114;163;0;507
2018;07. Chamberí;075. Ríos Rosas;3.582;800;726;278;1.088;483;969;347;236;287;0;436
2018;07. Chamberí;076. Vallehermoso;2.553;550;444;189;704;317;620;164;98;133;0;279
2018;08. Fuencarral-El Pardo;08. Fuencarral-El Pardo;;;;;;;;;;;;
2018;08. Fuencarral-El Pardo;08. Fuencarral-El Pardo;24.247;8.499;6.793;3.541;11.342;3.818;10.162;5.063;2.959;4.027;6;3.411
2018;08. Fuencarral-El Pardo;081. El Pardo;136;77;61;93;142;107;163;83;67;115;1;20
2018;08. Fuencarral-El Pardo;082. Fuentelarreina;368;41;62;20;72;21;69;13;6;14;0;100
2018;08. Fuencarral-El Pardo;083. Peñagrande;3.517;1.555;1.131;644;2.064;706;2.046;1.009;579;776;0;622
2018;08. Fuencarral-El Pardo;084. Pilar;2.538;1.396;977;690;2.231;1.253;2.378;1.460;889;1.229;1;1.014
2018;08. Fuencarral-El Pardo;085. La Paz;3.815;1.299;899;371;1.469;342;1.170;403;234;253;0;229
2018;08. Fuencarral-El Pardo;086. Valverde;6.730;2.242;1.992;986;3.198;981;2.786;1.554;920;1.325;0;1.041
2018;08. Fuencarral-El Pardo;087. Mirasierra;4.396;1.130;985;424;1.273;270;1.007;349;185;216;3;316
2018;08. Fuencarral-El Pardo;088. El Goloso;2.747;759;686;313;893;138;543;192;79;99;1;69
2018;09. Moncloa-Aravaca;09. Moncloa-Aravaca;;;;;;;;;;;;
2018;09. Moncloa-Aravaca;09. Moncloa-Aravaca;12.290;3.198;2.682;1.264;4.404;1.648;4.107;1.879;1.087;1.488;1;2.249
2018;09. Moncloa-Aravaca;091. Casa de Campo;1.311;448;360;184;593;191;509;214;128;149;0;100
2018;09. Moncloa-Aravaca;092. Argüelles;2.581;664;498;254;858;443;807;311;202;244;0;390
2018;09. Moncloa-Aravaca;093. Ciudad Universitaria;1.859;438;338;170;517;185;429;150;76;133;0;267
2018;09. Moncloa-Aravaca;094. Valdezarza;1.813;885;685;403;1.380;597;1.428;882;503;685;1;558
2018;09. Moncloa-Aravaca;095. Valdemarín;952;89;123;36;148;15;136;20;11;22;0;190
2018;09. Moncloa-Aravaca;096. El Plantío;351;49;64;12;67;15;80;12;4;19;0;78
2018;09. Moncloa-Aravaca;097. Aravaca;3.423;625;614;205;841;202;717;290;163;236;0;666
2018;10. Latina;10. Latina;;;;;;;;;;;;
2018;10. Latina;10. Latina;8.128;6.047;4.544;3.536;10.831;5.524;11.742;9.126;5.985;7.783;6;7.423
2018;10. Latina;101. Los Cármenes;576;421;357;251;817;431;892;716;460;592;0;425
2018;10. Latina;102. Puerta del Ángel;1.589;1.002;782;560;1.903;1.015;2.124;1.636;1.145;1.444;0;1.465
2018;10. Latina;103. Lucero;1.257;928;689;551;1.635;836;1.749;1.364;957;1.204;1;1.154
2018;10. Latina;104. Aluche;2.121;1.668;1.170;909;2.825;1.484;3.054;2.354;1.555;2.094;3;2.291
2018;10. Latina;105. Campamento;661;467;361;277;771;398;844;671;453;636;0;791
2018;10. Latina;106. Cuatro Vientos;410;288;217;137;408;114;339;210;119;110;1;40
2018;10. Latina;107. Águilas;1.514;1.273;968;851;2.471;1.245;2.740;2.174;1.296;1.703;1;1.257
2018;11. Carabanchel;11. Carabanchel;;;;;;;;;;;;
2018;11. Carabanchel;11. Carabanchel;7.233;5.870;4.326;3.575;11.030;6.306;12.819;11.014;7.510;10.174;4;8.099
2018;11. Carabanchel;111. Comillas;823;559;363;304;963;526;1.108;836;602;734;1;597
2018;11. Carabanchel;112. Opañel;1.053;765;563;455;1.437;768;1.750;1.349;942;1.286;0;1.198
2018;11. Carabanchel;113. San Isidro;1.029;808;628;490;1.577;964;1.951;1.720;1.188;1.704;1;1.367
2018;11. Carabanchel;114. Vista Alegre;1.001;889;631;602;1.797;1.164;2.256;1.904;1.401;2.029;0;1.853
2018;11. Carabanchel;115. Puerta Bonita;672;605;484;457;1.264;937;1.656;1.625;1.181;1.620;0;1.187
2018;11. Carabanchel;116. Buenavista;1.833;1.598;1.192;858;2.748;1.181;2.649;2.280;1.214;1.564;2;835
2018;11. Carabanchel;117. Abrantes;822;646;465;409;1.243;766;1.449;1.299;982;1.237;0;1.062
2018;12. Usera;12. Usera;;;;;;;;;;;;
2018;12. Usera;12. Usera;2.769;2.345;1.884;1.715;5.324;3.619;6.742;6.337;4.540;7.053;4;4.250
2018;12. Usera;121. Orcasitas;482;445;391;350;1.080;582;1.185;1.119;607;1.054;0;299
2018;12. Usera;122. Orcasur;261;223;185;150;531;368;600;657;450;811;1;292
2018;12. Usera;123. San Fermín;501;417;361;301;1.020;645;1.154;1.095;724;1.186;0;574
2018;12. Usera;124. Almendrales;506;349;270;237;760;548;1.017;966;739;1.065;1;734
2018;12. Usera;125. Moscardó;554;489;344;315;960;680;1.307;1.075;841;1.236;1;1.062
2018;12. Usera;126. Zofío;272;238;192;181;476;357;722;623;489;722;0;535
2018;12. Usera;127. Pradolongo;193;184;140;181;497;438;757;802;690;979;1;754
2018;13. Puente de Vallecas;13. Puente de Vallecas;;;;;;;;;;;;
2018;13. Puente de Vallecas;13. Puente de Vallecas;4.125;3.734;3.191;2.962;9.425;6.484;11.922;12.272;7.939;13.396;4;6.868
2018;13. Puente de Vallecas;131. Entrevías;283;314;304;351;1.196;910;1.586;1.930;1.175;2.254;1;1.022
2018;13. Puente de Vallecas;132. San Diego;598;496;405;445;1.377;1.194;1.984;2.186;1.639;2.529;2;1.650
2018;13. Puente de Vallecas;133. Palomeras Bajas;1.014;924;762;678;1.963;1.110;2.254;2.084;1.236;2.014;1;944
2018;13. Puente de Vallecas;134. Palomeras Sureste;904;798;691;607;1.919;1.198;2.376;2.392;1.372;2.474;0;934
2018;13. Puente de Vallecas;135. Portazgo;367;392;337;303;1.018;808;1.391;1.477;924;1.661;0;722
2018;13. Puente de Vallecas;136. Numancia;959;809;692;578;1.952;1.262;2.331;2.203;1.593;2.464;0;1.596
2018;14. Moratalaz;14. Moratalaz;;;;;;;;;;;;
2018;14. Moratalaz;14. Moratalaz;4.785;2.907;2.183;1.389;4.549;2.013;4.599;2.963;1.861;2.642;1;1.755
2018;14. Moratalaz;141. Pavones;403;273;184;162;419;193;454;311;162;283;0;137
2018;14. Moratalaz;142. Horcajo;528;306;241;142;370;107;302;192;104;121;1;42
2018;14. Moratalaz;143. Marroquina;1.780;993;724;417;1.480;538;1.299;711;419;552;0;367
2018;14. Moratalaz;144. Media Legua;891;500;381;248;746;366;833;478;339;521;0;308
2018;14. Moratalaz;145. Fontarrón;511;381;295;212;709;441;847;695;467;670;0;498
2018;14. Moratalaz;146. Vinateros;672;454;358;208;825;368;864;576;370;495;0;403
2018;15. Ciudad Lineal;15. Ciudad Lineal;;;;;;;;;;;;
2018;15. Ciudad Lineal;15. Ciudad Lineal;13.664;5.799;4.790;2.783;9.935;4.560;10.436;6.656;4.540;6.299;2;5.505
2018;15. Ciudad Lineal;151. Ventas;1.692;1.148;884;625;2.305;1.320;2.613;1.903;1.318;1.788;0;1.605
2018;15. Ciudad Lineal;152. Pueblo Nuevo;2.258;1.531;1.230;879;2.932;1.524;3.350;2.547;1.758;2.550;1;2.050
2018;15. Ciudad Lineal;153. Quintana;1.168;666;487;351;1.146;581;1.362;876;631;846;0;769
2018;15. Ciudad Lineal;154. Concepción;1.446;612;494;279;1.003;468;953;536;390;464;0;470
2018;15. Ciudad Lineal;155. San Pascual;1.510;578;497;227;868;311;824;402;223;343;1;242
2018;15. Ciudad Lineal;156. San Juan Bautista;1.628;388;358;123;550;105;439;150;73;114;0;96
2018;15. Ciudad Lineal;157. Colina;765;202;175;66;264;70;212;74;30;58;0;56
2018;15. Ciudad Lineal;158. Atalaya;197;41;42;13;42;15;36;7;4;6;0;18
2018;15. Ciudad Lineal;159. Costillares;3.000;633;623;220;825;166;647;161;113;130;0;199
2018;16. Hortaleza;16. Hortaleza;;;;;;;;;;;;
2018;16. Hortaleza;16. Hortaleza;16.708;6.046;5.188;2.677;9.539;3.029;8.259;4.694;2.521;3.408;1;2.374
2018;16. Hortaleza;161. Palomas;940;205;195;55;228;39;171;38;27;28;0;40
2018;16. Hortaleza;162. Piovera;2.053;381;362;157;546;99;392;111;55;100;0;219
2018;16. Hortaleza;163. Canillas;2.764;1.298;1.070;584;2.140;799;1.896;1.113;634;807;0;477
2018;16. Hortaleza;164. Pinar del Rey;2.567;1.321;1.132;749;2.676;1.189;2.786;1.908;1.090;1.544;0;1.061
2018;16. Hortaleza;165. Apóstol Santiago;815;399;302;219;793;348;761;572;277;447;0;270
2018;16. Hortaleza;166. Valdefuentes;7.569;2.442;2.127;913;3.156;555;2.253;952;438;482;1;307
2018;17. Villaverde;17. Villaverde;;;;;;;;;;;;
2018;17. Villaverde;17. Villaverde;2.864;2.620;2.192;1.996;6.091;3.772;7.195;7.611;5.122;7.538;1;4.522
2018;17. Villaverde;171. Villaverde Alto, Casco Histórico de Villaverde;711;607;563;516;1.743;1.169;2.170;2.361;1.631;2.582;0;1.342
2018;17. Villaverde;172. San Cristóbal;72;68;81;109;309;355;520;833;679;1.066;1;687
2018;17. Villaverde;173. Butarque;563;513;421;392;1.074;528;1.173;1.074;635;763;0;402
2018;17. Villaverde;174. Los Rosales;904;802;675;577;1.648;997;1.900;2.024;1.249;1.862;0;1.271
2018;17. Villaverde;175. Ángeles;614;630;452;402;1.317;723;1.432;1.319;928;1.265;0;820
2018;18. Villa de Vallecas;18. Villa de Vallecas;;;;;;;;;;;;
2018;18. Villa de Vallecas;18. Villa de Vallecas;4.625;3.707;2.744;1.923;6.507;2.640;6.637;5.381;2.886;4.323;5;1.821
2018;18. Villa de Vallecas;181. Casco Histórico de Vallecas;563;571;492;490;1.633;1.023;2.112;2.288;1.345;2.321;2;939
2018;18. Villa de Vallecas;182. Santa Eugenia;1.054;753;604;436;1.339;577;1.334;1.026;516;821;1;513
2018;18. Villa de Vallecas;183. Ensanche de Vallecas;3.008;2.383;1.648;997;3.535;1.040;3.191;2.067;1.025;1.181;2;369
2018;19. Vicálvaro;19. Vicálvaro;;;;;;;;;;;;
2018;19. Vicálvaro;19. Vicálvaro;2.827;2.161;1.770;1.240;3.905;1.652;3.778;3.317;1.829;2.834;2;1.353
2018;19. Vicálvaro;191. Casco Histórico de Vicálvaro;533;507;444;406;1.296;855;1.627;1.865;1.150;1.938;2;1.077
2018;19. Vicálvaro;192. Valdebernardo;953;710;561;383;1.091;419;1.018;648;377;535;0;187
2018;19. Vicálvaro;193. Valderribas;1.312;908;734;434;1.450;356;1.084;755;288;338;0;80
2018;19. Vicálvaro;194. El Cañaveral;29;36;31;17;68;22;49;49;14;23;0;9
2018;20. San Blas-Canillejas;20. San Blas-Canillejas;;;;;;;;;;;;
2018;20. San Blas-Canillejas;20. San Blas-Canillejas;8.232;4.229;3.814;2.478;8.231;3.583;8.224;6.317;3.637;5.590;6;2.903
2018;20. San Blas-Canillejas;201. Simancas;1.436;644;619;386;1.334;670;1.431;1.126;734;1.133;2;769
2018;20. San Blas-Canillejas;202. Hellín;120;129;100;105;405;278;511;478;286;522;0;185
2018;20. San Blas-Canillejas;203. Amposta;84;87;90;132;331;257;411;413;294;531;0;232
2018;20. San Blas-Canillejas;204. Arcos;707;534;460;354;1.151;641;1.338;1.325;678;1.172;1;436
2018;20. San Blas-Canillejas;205. Rosas;2.362;1.325;1.130;643;2.078;594;1.746;994;509;616;0;270
2018;20. San Blas-Canillejas;206. Rejas;1.437;589;584;300;995;283;819;500;275;318;0;196
2018;20. San Blas-Canillejas;207. Canillejas;964;576;518;379;1.376;717;1.452;1.281;737;1.191;2;727
2018;20. San Blas-Canillejas;208. El Salvador;1.122;345;313;179;561;143;516;200;124;107;1;88
2018;21. Barajas;21. Barajas;;;;;;;;;;;;
2018;21. Barajas;21. Barajas;4.180;1.495;1.383;717;2.897;928;2.037;1.328;799;1.018;2;463
2018;21. Barajas;211. Alameda de Osuna;1.917;642;573;275;1.094;218;724;268;150;145;1;108
2018;21. Barajas;212. Aeropuerto;13;21;8;30;77;47;81;102;59;125;0;72
2018;21. Barajas;213. Casco Histórico de Barajas;190;110;136;103;449;271;372;434;260;382;0;136
2018;21. Barajas;214. Timón;913;473;361;223;864;333;620;453;291;325;1;98
2018;21. Barajas;215. Corralejos;1.147;249;305;86;413;59;240;71;39;41;0;49
2019;01. Centro;01. Centro;;;;;;;;;;;;
2019;01. Centro;01. Centro;12.796;4.068;3.668;1.891;6.527;2.820;5.974;3.437;2.422;2.515;0;1.512
2019;01. Centro;011. Palacio;2.218;739;654;350;1.105;424;998;472;337;290;0;196
2019;01. Centro;012. Embajadores;3.632;1.442;1.131;631;2.173;1.168;2.168;1.417;1.022;1.280;0;527
2019;01. Centro;013. Cortes;1.026;297;295;144;487;172;417;248;157;134;0;83
2019;01. Centro;014. Justicia;1.908;427;474;200;790;306;647;327;240;209;0;202
2019;01. Centro;015. Universidad;3.398;998;924;480;1.637;604;1.452;776;522;512;0;441
2019;01. Centro;016. Sol;614;165;190;86;335;146;292;197;144;90;0;63
2019;02. Arganzuela;02. Arganzuela;;;;;;;;;;;;
2019;02. Arganzuela;02. Arganzuela;16.505;6.889;4.826;2.457;7.857;2.468;6.645;3.379;2.119;2.480;1;1.772
2019;02. Arganzuela;021. Imperial;2.443;1.014;748;376;1.187;351;998;427;257;239;0;138
2019;02. Arganzuela;022. Acacias;4.040;1.698;1.172;575;1.865;495;1.530;668;372;388;1;243
2019;02. Arganzuela;023. Chopera;1.410;750;492;335;999;442;912;644;423;541;0;439
2019;02. Arganzuela;024. Legazpi;2.992;1.128;860;318;1.168;198;774;325;188;207;0;111
2019;02. Arganzuela;025. Delicias;3.063;1.263;852;425;1.368;486;1.180;607;401;533;0;377
2019;02. Arganzuela;026. Palos de Moguer;2.482;980;648;398;1.203;469;1.181;674;460;559;0;459
2019;02. Arganzuela;027. Atocha;75;56;54;30;67;27;69;34;18;13;0;5
2019;03. Retiro;03. Retiro;;;;;;;;;;;;
2019;03. Retiro;03. Retiro;13.975;4.302;3.124;1.471;5.074;1.791;4.230;1.499;907;1.112;0;1.184
2019;03. Retiro;031. Pacífico;3.552;1.285;910;477;1.634;550;1.401;524;337;410;0;400
2019;03. Retiro;032. Adelfas;2.189;821;542;290;978;252;790;311;188;214;0;158
2019;03. Retiro;033. Estrella;2.893;906;608;243;873;264;694;203;119;144;0;116
2019;03. Retiro;034. Ibiza;2.523;659;536;249;897;386;754;299;165;211;0;258
2019;03. Retiro;035. Los Jerónimos;749;170;143;72;195;133;185;55;33;49;0;103
2019;03. Retiro;036. Niño Jesús;2.069;461;385;140;497;206;406;107;65;84;0;149
2019;04. Salamanca;04. Salamanca;;;;;;;;;;;;
2019;04. Salamanca;04. Salamanca;17.389;4.135;3.670;1.511;5.996;2.464;5.052;1.790;1.104;1.290;0;2.215
2019;04. Salamanca;041. Recoletos;1.791;240;286;113;414;296;364;92;50;74;0;309
2019;04. Salamanca;042. Goya;3.649;794;730;315;1.184;512;1.008;393;227;231;0;363
2019;04. Salamanca;043. Fuente del Berro;2.335;731;624;257;1.066;322;881;371;243;277;0;300
2019;04. Salamanca;044. Guindalera;4.956;1.510;1.182;494;1.924;680;1.676;625;387;438;0;550
2019;04. Salamanca;045. Lista;2.597;569;528;197;861;362;718;205;134;166;0;291
2019;04. Salamanca;046. Castellana;2.061;291;320;135;547;292;405;104;63;104;0;402
2019;05. Chamartín;05. Chamartín;;;;;;;;;;;;
2019;05. Chamartín;05. Chamartín;19.564;4.166;3.532;1.646;5.836;2.042;4.736;1.588;1.008;1.177;1;2.232
2019;05. Chamartín;051. El Viso;2.372;273;322;109;481;246;455;88;62;97;0;497
2019;05. Chamartín;052. Prosperidad;4.364;1.316;983;503;1.796;589;1.533;593;388;404;0;504
2019;05. Chamartín;053. Ciudad Jardín;2.151;608;500;259;879;292;688;326;216;257;1;289
2019;05. Chamartín;054. Hispanoamérica;4.456;840;733;318;1.169;421;869;242;134;181;0;371
2019;05. Chamartín;055. Nueva España;3.799;555;581;244;804;290;600;153;93;117;0;391
2019;05. Chamartín;056. Castilla;2.422;574;413;213;707;204;591;186;115;121;0;180
2019;06. Tetuán;06. Tetuán;;;;;;;;;;;;
2019;06. Tetuán;06. Tetuán;12.563;4.532;3.538;2.037;7.124;3.261;7.316;4.900;3.617;4.581;0;5.241
2019;06. Tetuán;061. Bellas Vistas;1.905;839;567;381;1.172;658;1.375;953;833;988;0;1.248
2019;06. Tetuán;062. Cuatro Caminos;4.117;1.030;817;417;1.474;577;1.308;699;478;567;0;831
2019;06. Tetuán;063. Castillejos;2.366;622;549;214;918;341;762;386;257;288;0;410
2019;06. Tetuán;064. Almenara;1.295;606;465;281;1.077;545;1.181;786;539;841;0;592
2019;06. Tetuán;065. Valdeacederas;1.445;733;601;397;1.314;577;1.354;1.128;787;961;0;1.062
2019;06. Tetuán;066. Berruguete;1.435;702;539;347;1.169;563;1.336;948;723;936;0;1.098
2019;07. Chamberí;07. Chamberí;;;;;;;;;;;;
2019;07. Chamberí;07. Chamberí;18.289;4.132;3.441;1.510;5.640;2.428;4.800;1.713;1.108;1.347;1;2.094
2019;07. Chamberí;071. Gaztambide;2.878;752;556;261;899;393;759;266;185;205;0;310
2019;07. Chamberí;072. Arapiles;3.036;793;641;317;1.069;472;933;350;229;289;1;302
2019;07. Chamberí;073. Trafalgar;3.273;772;670;317;1.175;419;985;411;256;260;0;346
2019;07. Chamberí;074. Almagro;2.575;417;407;140;625;325;569;176;118;183;0;493
2019;07. Chamberí;075. Ríos Rosas;3.818;816;714;274;1.154;507;945;350;223;283;0;377
2019;07. Chamberí;076. Vallehermoso;2.708;582;453;201;717;312;609;160;97;126;0;266
2019;08. Fuencarral-El Pardo;08. Fuencarral-El Pardo;;;;;;;;;;;;
2019;08. Fuencarral-El Pardo;08. Fuencarral-El Pardo;25.366;8.822;6.907;3.678;11.404;3.833;9.941;5.089;2.955;4.150;2;3.123
2019;08. Fuencarral-El Pardo;081. El Pardo;147;77;59;113;148;118;145;94;75;126;0;18
2019;08. Fuencarral-El Pardo;082. Fuentelarreina;389;39;56;20;73;23;66;14;9;17;0;96
2019;08. Fuencarral-El Pardo;083. Peñagrande;3.726;1.592;1.140;649;2.072;701;1.985;960;582;787;0;560
2019;08. Fuencarral-El Pardo;084. Pilar;2.660;1.485;1.013;716;2.221;1.274;2.334;1.507;905;1.247;0;949
2019;08. Fuencarral-El Pardo;085. La Paz;3.836;1.298;876;410;1.457;344;1.098;408;203;257;0;205
2019;08. Fuencarral-El Pardo;086. Valverde;7.003;2.324;2.023;993;3.223;974;2.771;1.558;921;1.412;1;974
2019;08. Fuencarral-El Pardo;087. Mirasierra;4.724;1.200;1.018;455;1.300;268;1.013;340;175;205;1;267
2019;08. Fuencarral-El Pardo;088. El Goloso;2.881;807;722;322;910;131;529;208;85;99;0;54
2019;09. Moncloa-Aravaca;09. Moncloa-Aravaca;;;;;;;;;;;;
2019;09. Moncloa-Aravaca;09. Moncloa-Aravaca;12.845;3.378;2.735;1.338;4.449;1.719;4.172;1.867;1.061;1.520;2;2.032
2019;09. Moncloa-Aravaca;091. Casa de Campo;1.348;479;372;183;599;201;525;199;109;145;0;99
2019;09. Moncloa-Aravaca;092. Argüelles;2.695;671;526;259;903;444;837;315;188;237;0;340
2019;09. Moncloa-Aravaca;093. Ciudad Universitaria;1.975;476;326;180;522;179;419;168;67;140;0;251
2019;09. Moncloa-Aravaca;094. Valdezarza;1.927;944;674;439;1.371;639;1.426;877;513;724;2;545
2019;09. Moncloa-Aravaca;095. Valdemarín;1.013;95;121;45;156;14;127;26;10;17;0;155
2019;09. Moncloa-Aravaca;096. El Plantío;367;51;68;12;68;18;81;17;5;16;0;75
2019;09. Moncloa-Aravaca;097. Aravaca;3.520;662;648;220;830;224;756;265;169;241;0;567
2019;10. Latina;10. Latina;;;;;;;;;;;;
2019;10. Latina;10. Latina;8.635;6.212;4.745;3.463;10.957;5.609;11.836;9.322;6.104;7.940;1;7.077
2019;10. Latina;101. Los Cármenes;620;420;362;272;851;440;921;738;473;624;0;396
2019;10. Latina;102. Puerta del Ángel;1.677;1.026;819;581;1.952;1.003;2.131;1.632;1.108;1.488;0;1.388
2019;10. Latina;103. Lucero;1.386;974;720;508;1.625;856;1.808;1.417;970;1.220;0;1.120
2019;10. Latina;104. Aluche;2.228;1.729;1.216;905;2.873;1.524;3.051;2.429;1.615;2.125;1;2.088
2019;10. Latina;105. Campamento;703;479;358;286;747;400;863;693;486;632;0;768
2019;10. Latina;106. Cuatro Vientos;429;283;252;117;422;113;321;217;128;124;0;40
2019;10. Latina;107. Águilas;1.592;1.301;1.018;794;2.486;1.272;2.741;2.195;1.324;1.727;0;1.277
2019;11. Carabanchel;11. Carabanchel;;;;;;;;;;;;
2019;11. Carabanchel;11. Carabanchel;7.639;6.000;4.679;3.625;11.178;6.669;13.133;11.392;7.592;10.472;5;7.520
2019;11. Carabanchel;111. Comillas;859;571;386;316;968;568;1.164;856;591;749;0;518
2019;11. Carabanchel;112. Opañel;1.142;797;607;468;1.484;814;1.794;1.373;921;1.283;0;1.058
2019;11. Carabanchel;113. San Isidro;1.098;800;671;507;1.594;1.022;2.016;1.750;1.196;1.721;1;1.217
2019;11. Carabanchel;114. Vista Alegre;1.076;908;673;591;1.782;1.239;2.266;1.997;1.418;2.065;2;1.778
2019;11. Carabanchel;115. Puerta Bonita;729;618;528;465;1.299;974;1.722;1.686;1.188;1.676;1;1.129
2019;11. Carabanchel;116. Buenavista;1.887;1.642;1.303;875;2.792;1.232;2.647;2.339;1.276;1.636;1;817
2019;11. Carabanchel;117. Abrantes;848;664;511;403;1.258;819;1.524;1.390;1.002;1.342;0;1.003
2019;12. Usera;12. Usera;;;;;;;;;;;;
2019;12. Usera;12. Usera;2.931;2.433;1.967;1.790;5.371;3.701;6.854;6.612;4.725;7.167;7;4.040
2019;12. Usera;121. Orcasitas;508;471;400;351;1.113;622;1.246;1.165;670;1.070;0;314
2019;12. Usera;122. Orcasur;291;232;192;159;517;380;592;687;459;816;0;268
2019;12. Usera;123. San Fermín;524;426;380;318;1.014;672;1.144;1.132;743;1.242;1;579
2019;12. Usera;124. Almendrales;540;362;285;265;787;519;1.065;993;744;1.098;2;713
2019;12. Usera;125. Moscardó;590;504;371;319;965;698;1.308;1.117;892;1.256;2;965
2019;12. Usera;126. Zofío;268;259;182;197;490;367;727;699;517;718;2;494
2019;12. Usera;127. Pradolongo;210;179;156;181;484;442;770;819;700;967;0;707
2019;13. Puente de Vallecas;13. Puente de Vallecas;;;;;;;;;;;;
2019;13. Puente de Vallecas;13. Puente de Vallecas;4.416;3.932;3.402;3.136;9.617;6.844;12.275;12.605;8.201;13.640;7;6.607
2019;13. Puente de Vallecas;131. Entrevías;313;344;323;372;1.200;974;1.637;1.962;1.179;2.315;2;977
2019;13. Puente de Vallecas;132. San Diego;645;526;425;511;1.450;1.254;2.069;2.298;1.731;2.631;0;1.596
2019;13. Puente de Vallecas;133. Palomeras Bajas;1.069;947;813;701;1.967;1.145;2.313;2.141;1.302;1.988;1;901
2019;13. Puente de Vallecas;134. Palomeras Sureste;949;866;754;640;1.937;1.273;2.445;2.404;1.397;2.501;2;913
2019;13. Puente de Vallecas;135. Portazgo;415;408;368;329;1.067;830;1.405;1.521;943;1.693;2;707
2019;13. Puente de Vallecas;136. Numancia;1.025;840;719;583;1.996;1.366;2.406;2.279;1.649;2.512;0;1.513
2019;14. Moratalaz;14. Moratalaz;;;;;;;;;;;;
2019;14. Moratalaz;14. Moratalaz;4.962;2.989;2.235;1.401;4.576;2.033;4.663;3.018;1.883;2.613;0;1.614
2019;14. Moratalaz;141. Pavones;416;273;193;155;412;199;443;311;170;266;0;113
2019;14. Moratalaz;142. Horcajo;540;311;249;130;376;106;321;185;105;120;0;40
2019;14. Moratalaz;143. Marroquina;1.853;1.007;750;407;1.430;532;1.295;712;426;539;0;352
2019;14. Moratalaz;144. Media Legua;919;535;385;249;771;355;824;492;361;506;0;269
2019;14. Moratalaz;145. Fontarrón;529;384;303;234;735;457;872;743;470;674;0;487
2019;14. Moratalaz;146. Vinateros;705;479;355;226;852;384;908;575;351;507;0;353
2019;15. Ciudad Lineal;15. Ciudad Lineal;;;;;;;;;;;;
2019;15. Ciudad Lineal;15. Ciudad Lineal;14.173;5.978;4.933;2.846;10.166;4.680;10.677;6.634;4.527;6.426;4;5.096
2019;15. Ciudad Lineal;151. Ventas;1.791;1.186;965;648;2.294;1.359;2.729;1.914;1.347;1.812;2;1.493
2019;15. Ciudad Lineal;152. Pueblo Nuevo;2.384;1.571;1.286;870;3.018;1.562;3.409;2.599;1.728;2.586;1;1.876
2019;15. Ciudad Lineal;153. Quintana;1.231;699;512;355;1.214;605;1.419;814;612;871;0;741
2019;15. Ciudad Lineal;154. Concepción;1.487;644;486;287;1.022;462;998;506;392;509;0;413
2019;15. Ciudad Lineal;155. San Pascual;1.521;589;504;224;922;313;797;411;224;346;1;212
2019;15. Ciudad Lineal;156. San Juan Bautista;1.632;400;368;143;555;119;394;138;74;84;0;93
2019;15. Ciudad Lineal;157. Colina;840;215;173;56;262;69;218;80;35;57;0;66
2019;15. Ciudad Lineal;158. Atalaya;207;34;39;13;45;16;42;6;4;9;0;14
2019;15. Ciudad Lineal;159. Costillares;3.080;640;600;250;834;175;671;166;111;152;0;188
2019;16. Hortaleza;16. Hortaleza;;;;;;;;;;;;
2019;16. Hortaleza;16. Hortaleza;17.820;6.342;5.425;2.735;9.693;3.049;8.243;4.721;2.548;3.481;2;2.189
2019;16. Hortaleza;161. Palomas;981;195;198;52;222;33;185;32;21;34;0;37
2019;16. Hortaleza;162. Piovera;2.102;393;377;135;541;100;373;116;63;87;0;200
2019;16. Hortaleza;163. Canillas;2.894;1.307;1.120;597;2.110;791;1.815;1.105;619;794;0;457
2019;16. Hortaleza;164. Pinar del Rey;2.703;1.382;1.153;772;2.671;1.242;2.812;1.929;1.109;1.573;0;957
2019;16. Hortaleza;165. Apóstol Santiago;821;431;319;231;799;332;753;568;290;477;1;248
2019;16. Hortaleza;166. Valdefuentes;8.319;2.634;2.258;948;3.350;551;2.305;971;446;516;1;290
2019;17. Villaverde;17. Villaverde;;;;;;;;;;;;
2019;17. Villaverde;17. Villaverde;3.051;2.742;2.318;2.060;6.227;4.076;7.372;7.815;5.228;7.852;2;4.314
2019;17. Villaverde;171. Villaverde Alto, Casco Histórico de Villaverde;764;662;610;545;1.767;1.269;2.212;2.430;1.704;2.706;0;1.311
2019;17. Villaverde;172. San Cristóbal;83;71;75;128;308;408;547;859;710;1.125;2;647
2019;17. Villaverde;173. Butarque;604;554;449;391;1.126;550;1.190;1.082;610;825;0;384
2019;17. Villaverde;174. Los Rosales;924;808;699;585;1.697;1.067;1.906;2.035;1.222;1.862;0;1.225
2019;17. Villaverde;175. Ángeles;676;647;485;411;1.329;782;1.517;1.409;982;1.334;0;747
2019;18. Villa de Vallecas;18. Villa de Vallecas;;;;;;;;;;;;
2019;18. Villa de Vallecas;18. Villa de Vallecas;4.907;3.787;2.907;1.972;6.672;2.872;6.758;5.529;2.976;4.450;4;1.737
2019;18. Villa de Vallecas;181. Casco Histórico de Vallecas;617;574;501;521;1.662;1.157;2.120;2.355;1.355;2.359;1;880
2019;18. Villa de Vallecas;182. Santa Eugenia;1.110;751;617;413;1.339;608;1.329;991;531;827;0;484
2019;18. Villa de Vallecas;183. Ensanche de Vallecas;3.180;2.462;1.789;1.038;3.671;1.107;3.309;2.183;1.090;1.264;3;373
2019;19. Vicálvaro;19. Vicálvaro;;;;;;;;;;;;
2019;19. Vicálvaro;19. Vicálvaro;2.950;2.259;1.895;1.202;4.052;1.742;3.824;3.443;1.868;2.897;4;1.343
2019;19. Vicálvaro;191. Casco Histórico de Vicálvaro;590;536;475;404;1.355;913;1.663;1.929;1.165;1.970;2;1.078
2019;19. Vicálvaro;192. Valdebernardo;968;723;587;350;1.091;428;997;672;365;540;0;172
2019;19. Vicálvaro;193. Valderribas;1.312;920;760;411;1.477;354;1.065;742;298;333;2;76
2019;19. Vicálvaro;194. El Cañaveral;80;80;73;37;129;47;99;100;40;54;0;17
2019;20. San Blas-Canillejas;20. San Blas-Canillejas;;;;;;;;;;;;
2019;20. San Blas-Canillejas;20. San Blas-Canillejas;8.657;4.370;3.934;2.535;8.431;3.699;8.348;6.375;3.707;5.741;1;2.849
2019;20. San Blas-Canillejas;201. Simancas;1.522;648;667;419;1.375;689;1.479;1.160;739;1.169;0;774
2019;20. San Blas-Canillejas;202. Hellín;123;136;115;124;429;280;541;484;302;529;0;194
2019;20. San Blas-Canillejas;203. Amposta;89;91;100;127;336;267;420;423;316;553;0;241
2019;20. San Blas-Canillejas;204. Arcos;780;550;496;359;1.164;660;1.347;1.284;712;1.185;0;421
2019;20. San Blas-Canillejas;205. Rosas;2.481;1.348;1.142;636;2.088;601;1.738;1.024;514;615;0;267
2019;20. San Blas-Canillejas;206. Rejas;1.495;610;577;307;1.069;289;856;523;256;366;0;175
2019;20. San Blas-Canillejas;207. Canillejas;999;604;522;381;1.404;750;1.459;1.279;751;1.216;0;695
2019;20. San Blas-Canillejas;208. El Salvador;1.168;383;315;182;566;163;508;198;117;108;1;82
2019;21. Barajas;21. Barajas;;;;;;;;;;;;
2019;21. Barajas;21. Barajas;4.440;1.567;1.398;745;3.020;967;2.040;1.350;850;1.061;0;386
2019;21. Barajas;211. Alameda de Osuna;2.037;653;566;282;1.081;210;709;262;157;166;0;92
2019;21. Barajas;212. Aeropuerto;12;19;10;33;80;57;74;94;59;130;0;68
2019;21. Barajas;213. Casco Histórico de Barajas;224;120;139;116;489;298;394;439;276;380;0;112
2019;21. Barajas;214. Timón;998;507;389;231;952;332;617;488;300;336;0;82
2019;21. Barajas;215. Corralejos;1.169;268;294;83;418;70;246;67;58;49;0;32
2020;01. Centro;01. Centro;;;;;;;;;;;;
2020;01. Centro;01. Centro;13.965;4.312;3.726;1.949;6.558;2.690;5.959;3.173;2.128;2.387;0;1.544
2020;01. Centro;011. Palacio;2.335;769;661;339;1.103;409;986;420;295;255;0;198
2020;01. Centro;012. Embajadores;3.978;1.550;1.125;631;2.203;1.075;2.183;1.285;920;1.233;0;572
2020;01. Centro;013. Cortes;1.079;310;308;155;480;179;416;219;136;118;0;89
2020;01. Centro;014. Justicia;2.151;451;489;216;777;302;655;334;191;180;0;209
2020;01. Centro;015. Universidad;3.777;1.041;962;510;1.675;590;1.442;731;487;500;0;413
2020;01. Centro;016. Sol;645;191;181;98;320;135;277;184;99;101;0;63
2020;02. Arganzuela;02. Arganzuela;;;;;;;;;;;;
2020;02. Arganzuela;02. Arganzuela;17.332;7.230;4.858;2.411;7.644;2.375;6.472;3.149;1.835;2.220;0;1.790
2020;02. Arganzuela;021. Imperial;2.534;1.024;730;360;1.145;306;980;397;201;223;0;154
2020;02. Arganzuela;022. Acacias;4.209;1.785;1.164;588;1.797;487;1.399;619;327;366;0;233
2020;02. Arganzuela;023. Chopera;1.522;789;518;303;971;411;905;581;347;482;0;426
2020;02. Arganzuela;024. Legazpi;3.048;1.176;853;293;1.124;214;768;292;165;171;0;118
2020;02. Arganzuela;025. Delicias;3.225;1.327;853;458;1.361;473;1.167;593;339;457;0;375
2020;02. Arganzuela;026. Palos de Moguer;2.713;1.067;684;380;1.176;460;1.182;630;439;506;0;481
2020;02. Arganzuela;027. Atocha;81;62;56;29;70;24;71;37;17;15;0;3
2020;03. Retiro;03. Retiro;;;;;;;;;;;;
2020;03. Retiro;03. Retiro;14.373;4.543;3.153;1.435;4.902;1.745;3.967;1.384;836;987;0;1.179
2020;03. Retiro;031. Pacífico;3.611;1.353;903;477;1.581;520;1.299;481;327;364;0;383
2020;03. Retiro;032. Adelfas;2.315;891;573;275;946;268;724;283;166;187;0;125
2020;03. Retiro;033. Estrella;2.983;926;602;254;841;260;693;177;119;117;0;145
2020;03. Retiro;034. Ibiza;2.622;694;540;229;863;371;722;288;133;206;0;266
2020;03. Retiro;035. Los Jerónimos;761;175;151;79;196;123;168;55;28;43;0;98
2020;03. Retiro;036. Niño Jesús;2.081;504;384;121;475;203;361;100;63;70;0;162
2020;04. Salamanca;04. Salamanca;;;;;;;;;;;;
2020;04. Salamanca;04. Salamanca;17.964;4.314;3.694;1.464;5.742;2.432;4.852;1.601;908;1.169;0;2.303
2020;04. Salamanca;041. Recoletos;1.815;248;283;107;382;294;346;82;46;62;0;324
2020;04. Salamanca;042. Goya;3.752;808;733;274;1.169;496;975;335;204;191;0;389
2020;04. Salamanca;043. Fuente del Berro;2.401;760;625;258;1.015;337;855;340;193;250;0;295
2020;04. Salamanca;044. Guindalera;5.244;1.592;1.228;515;1.857;660;1.575;573;325;428;0;570
2020;04. Salamanca;045. Lista;2.657;597;527;187;810;353;700;188;92;147;0;299
2020;04. Salamanca;046. Castellana;2.095;309;298;123;509;292;401;83;48;91;0;426
2020;05. Chamartín;05. Chamartín;;;;;;;;;;;;
2020;05. Chamartín;05. Chamartín;20.236;4.393;3.606;1.576;5.685;1.973;4.415;1.385;910;1.026;0;2.320
2020;05. Chamartín;051. El Viso;2.431;299;337;108;469;243;430;85;45;70;0;529
2020;05. Chamartín;052. Prosperidad;4.516;1.368;977;510;1.768;558;1.418;541;342;366;0;489
2020;05. Chamartín;053. Ciudad Jardín;2.226;659;516;227;873;257;655;273;205;221;0;300
2020;05. Chamartín;054. Hispanoamérica;4.608;899;764;315;1.113;409;828;199;123;174;0;399
2020;05. Chamartín;055. Nueva España;3.994;566;559;221;798;303;564;130;92;100;0;416
2020;05. Chamartín;056. Castilla;2.461;602;453;195;664;203;520;157;103;95;0;187
2020;06. Tetuán;06. Tetuán;;;;;;;;;;;;
2020;06. Tetuán;06. Tetuán;13.389;4.891;3.637;2.023;6.962;3.147;6.942;4.618;3.244;4.257;1;5.392
2020;06. Tetuán;061. Bellas Vistas;2.041;870;579;371;1.158;620;1.307;902;754;873;1;1.259
2020;06. Tetuán;062. Cuatro Caminos;4.384;1.117;858;396;1.400;553;1.199;644;436;508;0;849
2020;06. Tetuán;063. Castillejos;2.480;641;558;238;911;305;763;357;210;287;0;419
2020;06. Tetuán;064. Almenara;1.408;660;459;281;1.027;527;1.122;758;485;803;0;628
2020;06. Tetuán;065. Valdeacederas;1.528;829;619;389;1.300;595;1.309;1.084;691;924;0;1.074
2020;06. Tetuán;066. Berruguete;1.548;774;564;348;1.166;547;1.242;873;668;862;0;1.163
2020;07. Chamberí;07. Chamberí;;;;;;;;;;;;
2020;07. Chamberí;07. Chamberí;18.978;4.357;3.520;1.517;5.525;2.337;4.534;1.530;980;1.236;0;2.087
2020;07. Chamberí;071. Gaztambide;3.028;824;550;257;912;381;768;244;166;192;0;320
2020;07. Chamberí;072. Arapiles;3.242;835;663;318;1.045;454;866;316;207;277;0;289
2020;07. Chamberí;073. Trafalgar;3.446;804;684;328;1.128;390;926;352;204;228;0;334
2020;07. Chamberí;074. Almagro;2.545;428;441;159;593;333;521;173;107;174;0;481
2020;07. Chamberí;075. Ríos Rosas;3.916;850;725;271;1.148;473;906;303;215;241;0;401
2020;07. Chamberí;076. Vallehermoso;2.801;616;457;184;699;306;547;142;81;124;0;262
2020;08. Fuencarral-El Pardo;08. Fuencarral-El Pardo;;;;;;;;;;;;
2020;08. Fuencarral-El Pardo;08. Fuencarral-El Pardo;26.399;9.222;7.029;3.562;11.113;3.694;9.539;4.761;2.712;3.810;4;3.289
2020;08. Fuencarral-El Pardo;081. El Pardo;148;78;61;129;139;112;142;95;74;120;0;25
2020;08. Fuencarral-El Pardo;082. Fuentelarreina;409;43;52;20;65;26;70;17;7;19;0;117
2020;08. Fuencarral-El Pardo;083. Peñagrande;3.851;1.653;1.145;648;2.003;690;1.853;924;516;741;0;588
2020;08. Fuencarral-El Pardo;084. Pilar;2.785;1.572;1.052;663;2.183;1.223;2.307;1.406;854;1.177;2;942
2020;08. Fuencarral-El Pardo;085. La Paz;3.873;1.318;847;363;1.371;320;1.012;368;175;216;0;212
2020;08. Fuencarral-El Pardo;086. Valverde;7.333;2.434;2.083;969;3.160;950;2.649;1.465;861;1.245;0;1.034
2020;08. Fuencarral-El Pardo;087. Mirasierra;4.915;1.286;1.051;462;1.286;247;963;309;147;201;2;295
2020;08. Fuencarral-El Pardo;088. El Goloso;3.085;838;738;308;906;126;543;177;78;91;0;76
2020;09. Moncloa-Aravaca;09. Moncloa-Aravaca;;;;;;;;;;;;
2020;09. Moncloa-Aravaca;09. Moncloa-Aravaca;13.449;3.550;2.774;1.266;4.465;1.592;3.996;1.739;976;1.373;1;2.142
2020;09. Moncloa-Aravaca;091. Casa de Campo;1.450;497;371;178;598;191;509;202;112;141;0;104
2020;09. Moncloa-Aravaca;092. Argüelles;2.888;699;515;234;889;413;777;285;170;225;0;332
2020;09. Moncloa-Aravaca;093. Ciudad Universitaria;2.034;489;348;173;509;166;443;156;62;124;0;228
2020;09. Moncloa-Aravaca;094. Valdezarza;2.038;1.010;702;408;1.348;613;1.372;814;467;645;1;572
2020;09. Moncloa-Aravaca;095. Valdemarín;1.057;104;118;45;157;12;129;22;9;12;0;191
2020;09. Moncloa-Aravaca;096. El Plantío;372;55;67;9;80;9;60;14;4;12;0;85
2020;09. Moncloa-Aravaca;097. Aravaca;3.610;696;653;219;884;188;706;246;152;214;0;630
2020;10. Latina;10. Latina;;;;;;;;;;;;
2020;10. Latina;10. Latina;9.133;6.517;4.822;3.298;10.729;5.475;11.376;8.862;5.555;7.543;0;7.366
2020;10. Latina;101. Los Cármenes;652;428;360;251;804;432;890;740;422;611;0;391
2020;10. Latina;102. Puerta del Ángel;1.806;1.079;808;547;1.913;944;2.024;1.515;1.011;1.359;0;1.418
2020;10. Latina;103. Lucero;1.438;1.049;749;496;1.598;840;1.740;1.299;910;1.169;0;1.179
2020;10. Latina;104. Aluche;2.371;1.818;1.213;871;2.823;1.494;2.927;2.315;1.449;2.043;0;2.185
2020;10. Latina;105. Campamento;748;505;368;264;756;421;810;671;423;622;0;856
2020;10. Latina;106. Cuatro Vientos;439;298;241;113;396;110;332;211;125;113;0;47
2020;10. Latina;107. Águilas;1.679;1.340;1.083;756;2.439;1.234;2.653;2.111;1.215;1.626;0;1.290
2020;11. Carabanchel;11. Carabanchel;;;;;;;;;;;;
2020;11. Carabanchel;11. Carabanchel;8.059;6.365;4.746;3.505;11.018;6.570;12.974;10.919;7.060;9.940;1;7.937
2020;11. Carabanchel;111. Comillas;955;611;404;300;959;571;1.166;808;547;715;0;544
2020;11. Carabanchel;112. Opañel;1.199;846;609;464;1.451;777;1.785;1.291;864;1.214;0;1.112
2020;11. Carabanchel;113. San Isidro;1.178;863;683;486;1.625;985;2.008;1.614;1.070;1.628;1;1.290
2020;11. Carabanchel;114. Vista Alegre;1.119;960;706;571;1.792;1.217;2.234;1.929;1.361;1.911;0;1.837
2020;11. Carabanchel;115. Puerta Bonita;747;655;502;447;1.280;949;1.696;1.663;1.122;1.583;0;1.245
2020;11. Carabanchel;116. Buenavista;1.991;1.745;1.321;845;2.717;1.268;2.595;2.252;1.161;1.612;0;821
2020;11. Carabanchel;117. Abrantes;870;685;521;392;1.194;803;1.490;1.362;935;1.277;0;1.088
2020;12. Usera;12. Usera;;;;;;;;;;;;
2020;12. Usera;12. Usera;3.113;2.586;1.976;1.747;5.244;3.689;6.820;6.196;4.386;6.543;4;4.353
2020;12. Usera;121. Orcasitas;516;503;410;346;1.119;617;1.221;1.084;623;990;0;366
2020;12. Usera;122. Orcasur;309;244;196;160;512;377;607;649;431;752;1;303
2020;12. Usera;123. San Fermín;556;448;364;295;987;697;1.170;1.059;653;1.170;0;591
2020;12. Usera;124. Almendrales;599;410;289;282;743;526;1.058;922;699;1.036;1;796
2020;12. Usera;125. Moscardó;652;536;379;319;941;671;1.296;1.043;847;1.134;0;1.023
2020;12. Usera;126. Zofío;282;252;186;166;475;386;711;663;495;657;0;524
2020;12. Usera;127. Pradolongo;199;193;152;179;467;415;757;776;638;804;2;750
2020;13. Puente de Vallecas;13. Puente de Vallecas;;;;;;;;;;;;
2020;13. Puente de Vallecas;13. Puente de Vallecas;4.717;4.192;3.503;3.036;9.360;6.547;12.373;11.977;7.518;12.537;4;7.081
2020;13. Puente de Vallecas;131. Entrevías;351;359;339;357;1.188;928;1.655;1.825;1.115;2.141;3;1.027
2020;13. Puente de Vallecas;132. San Diego;704;574;452;509;1.404;1.211;2.187;2.162;1.558;2.440;0;1.753
2020;13. Puente de Vallecas;133. Palomeras Bajas;1.132;1.008;831;692;1.907;1.056;2.286;2.027;1.190;1.833;0;1.009
2020;13. Puente de Vallecas;134. Palomeras Sureste;993;922;782;618;1.853;1.231;2.404;2.321;1.291;2.311;0;940
2020;13. Puente de Vallecas;135. Portazgo;432;445;372;309;1.025;789;1.395;1.465;863;1.545;1;747
2020;13. Puente de Vallecas;136. Numancia;1.105;884;727;551;1.983;1.332;2.446;2.177;1.501;2.267;0;1.605
2020;14. Moratalaz;14. Moratalaz;;;;;;;;;;;;
2020;14. Moratalaz;14. Moratalaz;5.081;3.170;2.263;1.321;4.463;1.949;4.569;2.891;1.739;2.429;2;1.740
2020;14. Moratalaz;141. Pavones;416;284;198;148;410;189;428;303;164;230;0;136
2020;14. Moratalaz;142. Horcajo;545;340;243;114;376;96;301;190;88;114;0;56
2020;14. Moratalaz;143. Marroquina;1.857;1.067;743;403;1.351;509;1.264;628;386;496;0;384
2020;14. Moratalaz;144. Media Legua;954;550;403;225;768;340;790;477;327;456;1;283
2020;14. Moratalaz;145. Fontarrón;556;405;316;215;741;452;886;729;432;638;0;523
2020;14. Moratalaz;146. Vinateros;753;524;360;216;817;363;900;564;342;495;1;358
2020;15. Ciudad Lineal;15. Ciudad Lineal;;;;;;;;;;;;
2020;15. Ciudad Lineal;15. Ciudad Lineal;14.801;6.352;4.998;2.830;10.053;4.500;10.392;6.312;4.183;5.881;3;5.235
2020;15. Ciudad Lineal;151. Ventas;1.954;1.305;1.004;661;2.303;1.298;2.663;1.824;1.258;1.706;1;1.500
2020;15. Ciudad Lineal;152. Pueblo Nuevo;2.446;1.641;1.283;835;3.007;1.539;3.383;2.526;1.635;2.352;1;1.949
2020;15. Ciudad Lineal;153. Quintana;1.302;743;550;367;1.212;565;1.367;802;545;802;0;757
2020;15. Ciudad Lineal;154. Concepción;1.549;709;503;298;1.015;444;957;445;365;431;0;425
2020;15. Ciudad Lineal;155. San Pascual;1.567;596;490;205;852;297;771;367;213;318;0;229
2020;15. Ciudad Lineal;156. San Juan Bautista;1.738;410;362;144;547;109;397;127;62;76;1;94
2020;15. Ciudad Lineal;157. Colina;856;226;179;56;261;70;204;70;22;56;0;61
2020;15. Ciudad Lineal;158. Atalaya;206;41;38;8;50;13;41;7;3;6;0;12
2020;15. Ciudad Lineal;159. Costillares;3.183;681;589;256;806;165;609;144;80;134;0;208
2020;16. Hortaleza;16. Hortaleza;;;;;;;;;;;;
2020;16. Hortaleza;16. Hortaleza;18.799;6.752;5.542;2.676;9.652;2.949;8.043;4.426;2.242;3.230;0;2.322
2020;16. Hortaleza;161. Palomas;989;195;189;52;216;34;168;34;14;20;0;42
2020;16. Hortaleza;162. Piovera;2.125;384;374;139;517;79;375;96;45;79;0;216
2020;16. Hortaleza;163. Canillas;2.982;1.344;1.109;572;2.076;757;1.786;1.017;545;702;0;479
2020;16. Hortaleza;164. Pinar del Rey;2.785;1.490;1.144;723;2.654;1.164;2.717;1.796;971;1.460;0;973
2020;16. Hortaleza;165. Apóstol Santiago;854;468;325;221;756;345;741;533;256;441;0;275
2020;16. Hortaleza;166. Valdefuentes;9.064;2.871;2.401;969;3.433;570;2.256;950;411;528;0;337
2020;17. Villaverde;17. Villaverde;;;;;;;;;;;;
2020;17. Villaverde;17. Villaverde;3.142;2.973;2.383;2.056;6.178;4.021;7.459;7.622;4.958;7.374;3;4.739
2020;17. Villaverde;171. Villaverde Alto, Casco Histórico de Villaverde;746;711;631;548;1.731;1.244;2.233;2.407;1.628;2.446;2;1.439
2020;17. Villaverde;172. San Cristóbal;84;79;74;135;294;426;548;849;658;1.067;0;700
2020;17. Villaverde;173. Butarque;662;617;479;411;1.194;556;1.231;1.079;592;786;0;432
2020;17. Villaverde;174. Los Rosales;920;841;705;559;1.637;1.025;1.894;1.916;1.130;1.830;1;1.304
2020;17. Villaverde;175. Ángeles;730;725;494;403;1.322;770;1.553;1.371;950;1.245;0;864
2020;18. Villa de Vallecas;18. Villa de Vallecas;;;;;;;;;;;;
2020;18. Villa de Vallecas;18. Villa de Vallecas;5.193;4.078;3.043;1.988;6.703;2.809;6.879;5.338;2.829;4.286;1;1.841
2020;18. Villa de Vallecas;181. Casco Histórico de Vallecas;612;631;538;501;1.649;1.118;2.161;2.225;1.310;2.247;0;926
2020;18. Villa de Vallecas;182. Santa Eugenia;1.171;828;616;400;1.305;581;1.288;928;471;764;0;484
2020;18. Villa de Vallecas;183. Ensanche de Vallecas;3.410;2.619;1.889;1.087;3.749;1.110;3.430;2.185;1.048;1.275;1;431
2020;19. Vicálvaro;19. Vicálvaro;;;;;;;;;;;;
2020;19. Vicálvaro;19. Vicálvaro;3.150;2.416;1.934;1.181;4.136;1.740;3.902;3.347;1.810;2.718;0;1.345
2020;19. Vicálvaro;191. Casco Histórico de Vicálvaro;693;623;521;414;1.453;947;1.779;1.921;1.161;1.830;0;1.065
2020;19. Vicálvaro;192. Valdebernardo;1.021;735;580;345;1.069;400;988;624;332;511;0;183
2020;19. Vicálvaro;193. Valderribas;1.332;980;770;390;1.469;349;1.035;705;269;317;0;82
2020;19. Vicálvaro;194. El Cañaveral;104;78;63;32;145;44;100;97;48;60;0;15
2020;20. San Blas-Canillejas;20. San Blas-Canillejas;;;;;;;;;;;;
2020;20. San Blas-Canillejas;20. San Blas-Canillejas;8.968;4.587;3.972;2.455;8.280;3.590;8.219;6.017;3.408;5.355;2;2.983
2020;20. San Blas-Canillejas;201. Simancas;1.578;679;674;411;1.374;677;1.499;1.090;701;1.099;1;776
2020;20. San Blas-Canillejas;202. Hellín;144;155;127;118;404;285;535;448;316;471;0;201
2020;20. San Blas-Canillejas;203. Amposta;95;99;113;117;331;269;425;447;302;523;0;259
2020;20. San Blas-Canillejas;204. Arcos;816;577;500;357;1.156;645;1.351;1.222;619;1.130;0;465
2020;20. San Blas-Canillejas;205. Rosas;2.554;1.409;1.159;622;2.018;591;1.661;942;464;555;0;268
2020;20. San Blas-Canillejas;206. Rejas;1.562;644;581;297;1.057;262;853;488;233;361;1;184
2020;20. San Blas-Canillejas;207. Canillejas;1.026;646;506;361;1.405;717;1.415;1.202;668;1.114;0;744
2020;20. San Blas-Canillejas;208. El Salvador;1.193;378;312;172;535;144;480;178;105;102;0;86
2020;21. Barajas;21. Barajas;;;;;;;;;;;;
2020;21. Barajas;21. Barajas;4.622;1.650;1.434;729;2.982;932;1.945;1.288;738;971;0;408
2020;21. Barajas;211. Alameda de Osuna;2.114;702;592;268;1.077;197;638;236;139;134;0;97
2020;21. Barajas;212. Aeropuerto;9;19;12;35;86;55;77;97;50;126;0;67
2020;21. Barajas;213. Casco Histórico de Barajas;229;133;132;113;485;290;375;414;247;345;0;125
2020;21. Barajas;214. Timón;1.060;529;416;232;927;329;620;469;270;320;0;89
2020;21. Barajas;215. Corralejos;1.210;267;282;81;407;61;235;72;32;46;0;30
